ASIN_Number,Answered_Questions,Category,Days_Since_First_Listed,Description_Main,Description_Product,Dimensions,Dimensions_Height,Dimensions_Length,Dimensions_Width,First_Listed,First_Listed_Formatted,Fit_As_Expected,Five_Stars,Four_Stars,High_Price,Low_Price,One_Star,Price,Product,Rank_Category,Rating,Rating_Count,Sales_Rank,Three_Stars,Two_Stars
B07G7ZCZPZ,66,"Men's Road Running Shoes, Men's Shops",614,"84% Polyester, 16% Elastane, Imported, Rubber sole, Shaft measures approximately low-top from arch, NEUTRAL: For runners who need a balance of flexibility & cushioning, Lightweight mesh upper with 3-color digital print delivers complete breathability, Durable leather overlays for stability & that locks in your midfoot, EVA sockliner provides soft, step-in comfort, Charged Cushioning midsole uses compression molded foam for even greater responsiveness & durability, providing optimal cushioning & energy return","NEUTRAL: For runners who need a balance of flexibility & cushioning. Lightweight mesh upper with 3-color digital print delivers complete breathability. Durable leather overlays for stability & that locks in your midfoot. EVA sockliner provides soft, step-in comfort. Charged Cushioning midsole uses compression molded foam for even greater responsiveness & durability, providing optimal cushioning & energy return. Solid rubber outsole covers high impact zones for greater durability with less weight. Offset:. Weight: 9.9 oz.",,,,,"August 6, 2018",8/6/2018,86,80,13,70.0,34.2,3,$34.20 - $70.00,Under Armour Men's Charged Assert 8 Running Shoe,"Clothing, Shoes & Jewelry",4.6,2788,125,3,1
B07Z8R9NKH,14,Boys' Sneakers,322,"Leather and Mesh, Imported, Rubber sole, Shaft measures approximately low-top from arch, Lightweight mesh upper with 3 color digital print delivers complete breathability, Durable leather overlays for stability & that locks in your midfoot, Hook & loop strap for easy on & off, EVA sockliner provides soft, step in comfort, One piece EVA midsole turns cushioned landings into explosive takeoffs","Lightweight mesh upper with 3-color digital print delivers complete breathability. Durable leather overlays for stability & that locks in your midfoot. Hook & loop strap for easy on & off. EVA sockliner provides soft, step-in comfort. One-piece EVA midsole turns cushioned landings into explosive takeoffs. Solid rubber outsole covers high impact zones for greater durability with less weight.",,,,,"May 23, 2019",5/23/2019,90,87,8,49.99,37.48,2,$37.48 - $49.99,Under Armour Kids' Pre School Assert 8 Alternate Closure Sneaker,"Clothing, Shoes & Jewelry",4.8,515,926,2,2
B078WHHZ53,178,"Women's Shops, Women's Walking Shoes",886,"Textile, Imported, Synthetic sole, Shaft measures approximately low-top from arch, Lightweight and flexible, Responsive 5Gen cushioning, Skechers Goga Max high rebound insole, Breathable mesh upper, Soft fabric lining and padded collar, Parametric cushioned 5Gen midsole for added comfort",Athletic air mesh slip on,10 x 15 x 6 inches,6.0,10.0,15.0,"November 9, 2017",11/9/2017,72,75,12,138.28,29.99,4,$29.99 - $138.28,Skechers Women's Go Walk Joy Walking Shoe,"Clothing, Shoes & Jewelry",4.5,5849,91,6,3
B07GLHFS76,208,"Men's Cross-Training Shoes, Men's Shops",2003,"100% Leather, Imported, Rubber sole, Shaft measures approximately low-top from arch, Cross training shoe with suede upper featuring injection molded EVA midsole and non marking outsole, Abzorb heel","For the sportsman consumer seeking all day comfort in a durable athletic silhouette, the 623v3 builds upon the predecessors features of breathability, versatility and durability, but increases the all-day comfort through a larger absorb heel capsule, reinforced collar foam and an eva footbed.",5 x 5 x 0.7 inches,0.7,5.0,5.0,"October 17, 2014",10/17/2014,88,72,14,152.97,28.38,6,$28.38 - $152.97,New Balance Men's 623 V3 Casual Comfort Training Shoe,"Clothing, Shoes & Jewelry",4.4,5744,310,5,3
B086888P58,193,"Men's Basketball Shoes, Men's Shops",17,"Leather, Vendor Name: NIKE, Style No: 315122-111, Material : Leather, Descr : AIR FORCE 1 '07, Color : WHITE/WHITE","The traditional encapsulated Nike Air unit remains, providing lightweight cushioning and impact protection.",,,,,"March 23, 2020",3/23/2020,85,84,9,249.0,99.95,4,$99.95 - $249.00,Nike Men's Air Force 1 07 White on White,"Clothing, Shoes & Jewelry",4.7,1857,1892,2,1
B082Y85ZNL,19,"Women's Shops, Women's Road Running Shoes, Women's Fashion Sneakers",1848,"100% Textile, Imported, Rubber sole, Shaft measures approximately 0-6"" from arch, Platform measures approximately 0-3 inches, Boot opening measures approximately 6-12 inches around, Women's specific fit, Cloudfoam memory sockliner and textile lining, Easy, everyday runners, Hugs the foot",Explore your surroundings. These adidas running-inspired shoes feature a foot-hugging knit upper and a female-friendly fit. Soft midsole cushioning adds comfort as you head out for coffee or discover a busy side street.,5 x 5 x 0.7 inches,0.7,5.0,5.0,"March 17, 2015",3/17/2015,78,75,11,145.62,22.7,5,$22.70 - $145.62,adidas Women's Cloudfoam Pure Running Shoe,"Clothing, Shoes & Jewelry",4.5,1415,757,5,3
B082QKPV3L,116,"Women's Shops, Women's Walking Shoes, Women's Fashion Sneakers",504,"100% Leather, Imported, Rubber sole, Shaft measures approximately low-top from arch, Platform measures approximately 0-3 inches, Boot opening measures approximately 0-3 inches around, Tennis-inspired shoes with classic style for everyday wear, Regular fit; Lace closure, Polyurethane-coated leather upper for durability, Rubber outsole for excellent traction; Textile lining",A '70s style reborn. These women's shoes take inspiration from iconic sport styles of the past and move them into the future. The shoes are made of a durable leather-like upper with signature 3-Stripes along the sides. Plush midsole cushioning gives comfort to every step.,5 x 5 x 0.7 inches,0.7,5.0,5.0,"November 26, 2018",11/26/2018,81,83,10,148.2,22.93,3,$22.93 - $148.20,adidas Women's Grand Court Sneaker,"Clothing, Shoes & Jewelry",4.7,3336,697,3,1
B081KHQTLH,3,"Women's Shops, Women's Road Running Shoes",695,"Rubber sole, SHOE SIZE: ""B"" = Medium width, ""D"" = Wide width, ""2A"" = Narrow width, ""2E"" = Extra wide width, FOOT SUPPORT: Ideal for runners with all arches looking for support. Our new Guiderail Support System focuses beyond the feet to the most injury-prone part of a runner’s body: the knees. GuideRails keep you moving comfortably by keeping excess movement in check., CUSHIONED FEEL: Soft and protective, these shoes provide just the right amount of cushion in each step to let you float through your run, walk and everyday life., BALANCED, SOFT CUSHIONING: BioMoGo DNA and DNA LOFT cushioning work together to provide a just-right softness underfoot without losing responsiveness and durability—yet it feels lighter than ever., MODERNIZED FIT: Engineered mesh and the 3D Fit Print upper provide the structure and proven fit of this Go-To Shoe with a streamlined look.",,10 x 15 x 6 inches,6.0,10.0,15.0,"May 15, 2018",5/15/2018,88,84,8,199.98,64.83,3,$64.83 - $199.98,Brooks Womens Adrenaline GTS 19 Running Shoe,"Clothing, Shoes & Jewelry",5.0,2,113,3,2
B07D9MF2BS,119,"Men's Skateboarding Shoes, Men's Fashion Sneakers, Men's Shops",1969,"100% Synthetics | Textile, Imported, Rubber sole, Shaft measures approximately low-top from arch, Sneakers for skate sessions or casual style, Regular fit; Lace closure, Synthetic suede upper for a plush look, Soft textile lining for comfort, Rubber outsole provides secure traction","Designed so they're ready to ride with no wear-in time, these men's shoes draw on adidas heritage and reimagine it specifically for skateboarding. An abrasion-resistant synthetic suede upper holds up to daily park sessions while a textile lining keeps your feet comfortable on or off the board. Classic 3-Stripes and a linear Trefoil logo give these men's shoes low-key adidas style.",5 x 5 x 0.7 inches,0.7,5.0,5.0,"November 21, 2014",11/21/2014,82,76,11,172.0,12.68,4,$12.68 - $172.00,adidas Originals Men's Seeley Running Shoe,"Clothing, Shoes & Jewelry",4.5,3366,999,6,3
B086XXLJ86,11,Baby Boys' Sneakers,241,"100% Synthetic, Imported, Rubber sole, Shaft measures approximately 0-6"" from arch, Platform measures approximately .5 inches, Adidas quality, Imported By Adidas","The court looks of the '70s let little ones make a fashion play. Inspired by tennis classics, these toddlers' shoes build in modern comfort with lightweight cushioning. The strap closure on the leather-like upper makes them easy to slide on and off.",,,,,"August 14, 2019",8/14/2019,81,81,9,94.15,25.36,4,$25.36 - $94.15,adidas Kids' Grand Court Sneaker,"Clothing, Shoes & Jewelry",4.6,178,865,4,1
B01J0AT2EK,76,"Men's Fashion Sneakers, Men's Shops",1664,"100% Textile and Synthetic, Imported, Rubber sole, Shaft measures approximately low-top from arch, Run-Train Performance Sneaker, Tazon",Blank),,,,,"September 21, 2015",9/21/2015,82,72,15,126.0,36.77,4,$36.77 - $126.00,PUMA Men's Tazon 6 Fracture FM Cross-Trainer Shoe,"Clothing, Shoes & Jewelry",4.5,3621,638,6,3
B073YD7Q9L,46,"Men's Walking Shoes, Men's Shops",1848,"Leather and Synthetic, Imported, Rubber sole, Shaft measures approximately low-top from arch, Leather and synthetic delta-branded upper for supportive comfort, Designed for: Work wear, walking, long days on your feet, Low-cut design for freedom of motion and quicker transitions, Mesh around the collar adds breathability; Beveled heel enhances the walking stride, EVA foam midsole and a Memory Tech sockliner for a responsive feel and cushioning; Rubber outsole is engineered to be slip- and oil-resistant for extra grip","Reebok work n cushion 3.0 shoe has a leather and synthetic upper for durability. Mesh material around the collar allows airflow, and a beveled heel enhances kids' walking stride. A memory tech sockliner and the eva foam midsole provide a responsive feel and cushioning. A rubber outsole adds grip to these slip- and oil-resistant shoes.",,,,,"March 17, 2015",3/17/2015,84,66,14,101.5,35.97,8,$35.97 - $101.50,Reebok Men's Work N Cushion 3.0 Walking Shoe,"Clothing, Shoes & Jewelry",4.3,1081,21632,8,4
B0719MHX9L,328,"Men's Trail Running Shoes, Men's Shops",3798,"Synthetic, Imported, Rubber sole, Shaft measures approximately low-top from arch, Rearfoot GEL Cushioning System: Attenuates shock during impact phase and allows for a smooth transition to midstance., Removable Sockliner: A sockliner which can be removed to accommodate a medical orthotic., Removable Sockliner: A sockliner which can be removed to accommodate a medical orthotic., Trail Specific Outsole: Reversed lugs provide uphill and downhill traction on all types of terrain., AHAR Outsole: Acronym for ASICS High Abrasion Rubber. Placed in critical areas of the outsole for exceptional durability.",,10 x 15 x 6 inches,6.0,10.0,15.0,"November 17, 2009",11/17/2009,89,75,15,145.56,27.87,3,$27.87 - $145.56,ASICS Men's Gel-Venture 6 Running Shoe,"Clothing, Shoes & Jewelry",4.6,8960,252,5,2
B078WHHZ53,178,"Women's Shops, Women's Walking Shoes",888,"Textile, Imported, Synthetic sole, Shaft measures approximately low-top from arch, Lightweight and flexible, Responsive 5Gen cushioning, Skechers Goga Max high rebound insole, Breathable mesh upper, Soft fabric lining and padded collar, Parametric cushioned 5Gen midsole for added comfort",Athletic air mesh slip on,10 x 15 x 6 inches,6.0,10.0,15.0,"November 9, 2017",11/9/2017,72,75,12,138.28,29.7,4,$29.70 - $138.28,Skechers Women's Go Walk Joy Walking Shoe,"Clothing, Shoes & Jewelry",4.5,5854,123,6,3
B07G7ZCZPZ,66,"Men's Road Running Shoes, Men's Shops",616,"84% Polyester, 16% Elastane, Imported, Rubber sole, Shaft measures approximately low-top from arch, NEUTRAL: For runners who need a balance of flexibility & cushioning, Lightweight mesh upper with 3-color digital print delivers complete breathability, Durable leather overlays for stability & that locks in your midfoot, EVA sockliner provides soft, step-in comfort, Charged Cushioning midsole uses compression molded foam for even greater responsiveness & durability, providing optimal cushioning & energy return","NEUTRAL: For runners who need a balance of flexibility & cushioning. Lightweight mesh upper with 3-color digital print delivers complete breathability. Durable leather overlays for stability & that locks in your midfoot. EVA sockliner provides soft, step-in comfort. Charged Cushioning midsole uses compression molded foam for even greater responsiveness & durability, providing optimal cushioning & energy return. Solid rubber outsole covers high impact zones for greater durability with less weight. Offset:. Weight: 9.9 oz.",,,,,"August 6, 2018",8/6/2018,86,80,13,70.0,32.04,3,$32.04 - $70.00,Under Armour Men's Charged Assert 8 Running Shoe,"Clothing, Shoes & Jewelry",4.6,2815,119,3,2
B07PX3Y7CF,41,"Men's Trail Running Shoes, Men's Shops",381,"Fabric,Manmade, Imported, Rubber sole, Ortholite X-40 Sockliner - This premium sockliner features higher rebound properties while providing excellent moisture management and a high-level of breathability (Ortholite is a registered trademark of ATP Manufacturing LLC.)",,10 x 15 x 6 inches,6.0,10.0,15.0,"March 26, 2019",3/26/2019,84,72,16,145.9,39.99,4,$39.99 - $145.90,ASICS Men's Gel-Venture 7 Trail Running Shoes,"Clothing, Shoes & Jewelry",4.5,1816,364,5,2
B07MLD3GZX,51,"Women's Shops, Women's Road Running Shoes",462,"Fabric, Imported, Rubber sole, AmpliFoam Midsole - Engineered to maintain durability at softer densities, providing better flexibility, comfort, and platform adaptability ideal for natural running., Rearfoot GEL technology cushioning system - Attenuates shock during impact phase and allows for a smooth transition to midstance., Ortholite Sockliner - Moisture management (Ortholite is a registered trademark of ATP Manufacturing LLC).",,10 x 15 x 6 inches,6.0,10.0,15.0,"January 5, 2019",1/5/2019,89,82,10,147.71,44.12,3,$44.12 - $147.71,ASICS Women's Gel-Excite 6 Running Shoes,"Clothing, Shoes & Jewelry",4.7,1743,431,4,2
B0856T9HNG,65,"Men's Fashion Sneakers, Men's Shops",600,"Textile, Imported, Rubber sole, Shaft measures approximately 0-6"" from arch, Platform measures approximately 1 inches, Boot opening measures approximately 6-12"" around, Regular fit, Lace closure, Leather upper, Rubber outsole",A '70s style reborn. These shoes take inspiration from iconic sport styles of the past and move them into the future. The shoes craft an everyday look with a smooth leather upper. Signature 3-Stripes flash along the sides. Plush midsole cushioning gives comfort to every step.,5 x 5 x 0.7 inches,0.7,5.0,5.0,"August 22, 2018",8/22/2018,83,82,10,141.69,38.88,3,$38.88 - $141.69,adidas Men's Grand Court Sneaker,"Clothing, Shoes & Jewelry",4.7,2305,2702,3,2
B00NQY1OKM,150,"Men's Loafers & Slip-Ons, Men's Health Care & Food Service Shoes",1848,"Synthetic, Imported, Synthetic sole, Slip-on shoe work shoe featuring mesh fabric upper and slip-resistant traction outsole, Elastic side gores at opening, Padded collar and reinforced stitched seams. Memory foam insole for cushioning, For medium fit it maintains medium width in the heel with a roomier toe box. For medium fit it is a bit more open interior offers a looser fit around the entire foot, Soft fabric shoe lining",Slip on work shoe,10 x 15 x 6 inches,6.0,10.0,15.0,"March 19, 2015",3/19/2015,82,76,14,152.99,41.23,4,$41.23 - $152.99,Skechers for Work Men's Flex Advantage Mcallen Food Service Shoe,"Clothing, Shoes & Jewelry",4.5,3082,2575,4,2
B07G7ZCZPZ,66,"Men's Road Running Shoes, Men's Shops",616,"84% Polyester, 16% Elastane, Imported, Rubber sole, Shaft measures approximately low-top from arch, NEUTRAL: For runners who need a balance of flexibility & cushioning, Lightweight mesh upper with 3-color digital print delivers complete breathability, Durable leather overlays for stability & that locks in your midfoot, EVA sockliner provides soft, step-in comfort, Charged Cushioning midsole uses compression molded foam for even greater responsiveness & durability, providing optimal cushioning & energy return","NEUTRAL: For runners who need a balance of flexibility & cushioning. Lightweight mesh upper with 3-color digital print delivers complete breathability. Durable leather overlays for stability & that locks in your midfoot. EVA sockliner provides soft, step-in comfort. Charged Cushioning midsole uses compression molded foam for even greater responsiveness & durability, providing optimal cushioning & energy return. Solid rubber outsole covers high impact zones for greater durability with less weight. Offset:. Weight: 9.9 oz.",,,,,"August 6, 2018",8/6/2018,86,80,13,70.0,32.04,3,$32.04 - $70.00,Under Armour Men's Charged Assert 8 Running Shoe,"Clothing, Shoes & Jewelry",4.6,2815,119,3,2
B07CN368LS,54,"Women's Shops, Women's Road Running Shoes",2005,"Mesh-Synthetic, Imported, Rubber sole, Shaft measures approximately Low-Top"" from arch, Rearfoot and Forefoot GEL Technology Cushioning System - Attenuates shock during impact and toe-off phases, and allows movement in multiple planes as the foot transitions through the gait cycle., I.G.S (Impact Guidance System) Technology - ASICS design philosophy that employs linked componentry to enhance the foot's natural gait from heel strike to toe-off., Guidance Line Midsole Technology - Vertical flex groove decouples the tooling along the line of progression for enhanced gait efficiency., Guidance Trusstic System Technology - This Trusstic System Technology integrates Guidance Line construction for enhanced gait efficiency while providing midfoot structural integrity., SpevaFoam 45 Lasting - Employs 45 degree full length SpevaFoam 45 lasting material for a soft platform feel and improved comfort.","Designed for a lightweight ride, the GEL-KAYANO 25 women's running shoe guarantees maximum comfort and stability. FLYTEFOAM technology employs organic super fibers that resist compression, providing enduring bounce on even the longest runs. The signature GEL technology minimizes impact and protects your joints. Seamless materials and construction techniques keep runners free from uncomfortable pressure points or chafing, while carefully dispersed eyelets allow for more even pressure distribution over the lacing, to give a custom-fit feel. The shoe's sleek design features an internal elastic sleeve that fits snugly around your foot like a sock, with a knit upper inspired by the belt of a traditional Japanese kimono. These shoes will give you the energy and stability you need to run further every time. Weight: 9.81. Heel Height: 24mm. Forefoot Height: 11mm.",5 x 5 x 0.7 inches,0.7,5.0,5.0,"October 17, 2014",10/17/2014,83,74,10,275.63,53.81,7,$53.81 - $275.63,ASICS Women's Gel-Kayano 25 Running Shoes,"Clothing, Shoes & Jewelry",4.4,1517,907,5,4
B07Z7DRVJ9,8,"Men's Road Running Shoes, Men's Cross-Training Shoes, Men's Shops",292,"Synthetic, Imported, Rubber sole, Shaft measures approximately low-top from arch, Lightweight mesh upper delivers complete breathability, Dual-external heel counter hugs for your foot for added stability, Leather, mid-foot saddle provides comfortable support, Cushioned sockliner molds to the shape of your foot, eliminating slippage & providing ideal underfoot comfort, Charged Cushioning midsole absorbs impact & converts it into a responsive burst","Lightweight mesh upper delivers complete breathability. Dual-external heel counter hugs for your foot for added stability. Leather, mid-foot saddle provides comfortable support. Cushioned sockliner molds to the shape of your foot, eliminating slippage & providing ideal underfoot comfort. Charged Cushioning midsole absorbs impact & converts it into a responsive burst. Full rubber outsole with strategically placed flex grooves for multi-surface traction & superior flexibility. Offset: 8mm. Weight: 10.6 oz.",,,,,"June 25, 2019",6/25/2019,85,79,12,80.0,59.99,3,$59.99 - $80.00,Under Armour Men's Charged Commit 2.0 Cross Trainer,"Clothing, Shoes & Jewelry",4.6,290,3278,4,2
B00DJSRER2,434,"Men's Fashion Sneakers, Men's Shops",2314,"100% Leather/Synthetic, Imported, Rubber sole, Heel measures approximately 2"", Lace-up sneaker featuring mesh upper with supportive overlays and padded collar, Cushioned mesh tongue, Memory Foam Insole","Smooth leather, synthetic and mesh fabric upper in a sporty training sneaker with perforated details, stitching and overlay accents. Padded collar and tongue, fabric lining, Memory Foam insole, Articu-Lyte rubber sole and a flexible, high-traction rubber sole. 1 ½ "" built-in heel. Imported.Skechers is an award-winning global leader in the lifestyle footwear industry that designs, develops, and markets lifestyle footwear that appeals to trend-savvy men, women and children. The company's success stems from it's high quality, diversified, and affordable product line that meets consumers' various lifestyle needs. Since it's inception in 1992, the Skechers diverse product offering has grown from utility style boots to include seven Skechers brands and five uniquely branded fashion lines for men and women.",15 x 10 x 5 inches,5.0,15.0,10.0,"December 13, 2013",12/13/2013,86,70,15,125.66,35.33,5,$35.33 - $125.66,Skechers Men's Afterburn Memory-Foam Lace-up Sneaker,"Clothing, Shoes & Jewelry",4.4,13228,110,6,3
B01MQY9KXQ,103,"Men's Fashion Sneakers, Men's Road Running Shoes, Men's Shops",1178,"100% Other fibers, Imported, Rubber sole, Shaft measures approximately low-top from arch, Platform measures approximately 0-3 inches, Boot opening measures approximately 0-3 inches around, Breathable mesh upper, Comfortable textile lining, Reflective 3 Stripes and heel tab, Round knitted laces",A minimalist style brings modern looks to the running-inspired X_PLR. These men's shoes feature a breathable mesh upper for comfort. Reflective 3-Stripes and heel tab against a monochromatic background create a premium look. EVA in the tonal midsole provides lightweight cushioning.,5 x 5 x 0.7 inches,0.7,5.0,5.0,"January 19, 2017",1/19/2017,84,79,11,177.7,42.22,4,$42.22 - $177.70,adidas Men's X_Plr Fashion Sneaker,"Clothing, Shoes & Jewelry",4.6,2273,1082,4,2
B083VJC23R,192,"Women's Shops, Women's Cross Training Shoes",2005,"Synthetic, Imported, Rubber sole, Shaft measures approximately low-top"" from arch, NB Comfort Insert: Memory Sole, REVlite Midsole","Enhance your athleisure look with this easy on, easy off women's sneaker. The slip-on silhouette offers versatile style characterized by a clean-lined, modern upper with additional lace-up support you can pair with denim, dresses, and more. Plus, New Balance signature REVlite cushioning in the midsole offers ultra-lightweight, responsive cushioning.",10 x 15 x 6 inches,6.0,10.0,15.0,"October 17, 2014",10/17/2014,72,71,12,138.21,16.68,6,$16.68 - $138.21,New Balance Women's FuelCore Nergize V1 Cross Trainer,"Clothing, Shoes & Jewelry",4.4,5465,275,7,4
B01J0AT2EK,76,"Men's Fashion Sneakers, Men's Shops",1666,"100% Textile and Synthetic, Imported, Rubber sole, Shaft measures approximately low-top from arch, Run-Train Performance Sneaker, Tazon",Blank),,,,,"September 21, 2015",9/21/2015,82,72,15,126.0,35.83,4,$35.83 - $126.00,PUMA Men's Tazon 6 Fracture FM Cross-Trainer Shoe,"Clothing, Shoes & Jewelry",4.5,3738,538,6,3
B07784DH68,20,Men's Health Care & Food Service Shoes,821,"Synthetic, Imported, Synthetic sole, Shaft measures approximately low-top from arch, Memory Foam Footbed, Relaxed Fit",Skechers slip resistant athletic work shoes,10 x 15 x 6 inches,6.0,10.0,15.0,"January 11, 2018",1/11/2018,78,66,16,99.46,28.99,7,$28.99 - $99.46,Skechers Men's Nampa-Groton Food Service Shoe,"Clothing, Shoes & Jewelry",4.3,1446,2973,7,5
B0861YSCW8,60,"Men's Fashion Sneakers, Men's Road Running Shoes, Men's Shops",402,"100% Other fibers, Imported, Synthetic sole, Shaft measures approximately 6-12 inches from arch, Platform measures approximately 0-3 inches, Boot opening measures approximately 0-3 inches around, Regular fit, Lace closure, Mesh upper, Soft, lightweight, breathable feel","Run with it. Step into these adidas U_Path Run Shoes and take your style game to the finish line. With a sleek feel and futuristic look, the mesh upper has a bungee heel overlay that delivers stretchy support. Move in comfort all day with the EVA midsole.",5 x 5 x 0.7 inches,0.7,5.0,5.0,"March 5, 2019",3/5/2019,82,77,11,162.41,32.82,5,$32.82 - $162.41,adidas Originals Men's U_Path Run Sneaker,"Clothing, Shoes & Jewelry",4.5,1263,2025,5,2
B081KMSXZF,114,"Men's Fashion Sneakers, Men's Walking Shoes, Men's Shops",889,"100% Textile, Imported, Synthetic sole, Shaft measures approximately low-top from arch, Skechers go Walk max midsole and outsole for high level cushioning and support, 5Gen sole - proprietary lightweight injection-molded compound with memory retention helps absorb impact, Goga max technology insole for maximum support and cushioning, Combines a proprietary 'squish' Component with our exclusive material, Super Lightweight mesh fabric upper for ideal fit","Get the maximum comfort and cushioning for athletic walking with the Skechers go walk max. Mesh fabric upper with cushioned, supportive sole design. Designed with Skechers performance technology and materials specifically for athletic walking. Goga max technology insole with high-rebound cushioning. The company's success stems from it's high quality, diversified, and affordable product line that meets consumers' Various lifestyle needs. Since it's inception in 1992, the Skechers diverse product offering has grown from utility style boots to include seven Skechers brands and five uniquely branded fashion lines for men and women. Skechers is an award-winning global leader in lifestyle footwear offering shoes that appeal to trend-savvy men, women and kids everywhere. The brand's styles include the latest innovative athletic, casual and fashion sneakers as well as sandals and boots—with many collections featuring Skechers air-cooled memory foam insoles for added comfort. Plus, Skechers offers a range of slip-resistant work FOOTWEAR for men and women, as well as cool, fun, playful and lighted styles that boys and girls love. Always ahead of the fashion C, Skechers has made its sport, casual and dress casual shoes essential to every closet.",5 x 5 x 0.7 inches,0.7,5.0,5.0,"November 8, 2017",11/8/2017,74,74,14,84.88,19.83,4,$19.83 - $84.88,Skechers Men's Go Max-Athletic Air Mesh Slip on Walking Shoe Sneaker,"Clothing, Shoes & Jewelry",4.5,3315,856,5,3
B082QKPV3L,117,"Women's Shops, Women's Walking Shoes, Women's Fashion Sneakers",506,"100% Leather, Imported, Rubber sole, Shaft measures approximately low-top from arch, Platform measures approximately 0-3 inches, Boot opening measures approximately 0-3 inches around, Tennis-inspired shoes with classic style for everyday wear, Regular fit; Lace closure, Polyurethane-coated leather upper for durability, Rubber outsole for excellent traction; Textile lining",A '70s style reborn. These women's shoes take inspiration from iconic sport styles of the past and move them into the future. The shoes are made of a durable leather-like upper with signature 3-Stripes along the sides. Plush midsole cushioning gives comfort to every step.,5 x 5 x 0.7 inches,0.7,5.0,5.0,"November 26, 2018",11/26/2018,81,83,10,148.2,20.48,3,$20.48 - $148.20,adidas Women's Grand Court Sneaker,"Clothing, Shoes & Jewelry",4.7,3349,636,3,1
B071LK4FLC,275,"Women's Shops, Women's Road Running Shoes",3800,"Synthetic, Rubber sole, REARFOOT GEL BRAND TECHNOLOGY CUSHIONING SYSTEM: Attenuates shock during impact phase and allows for a smooth transition to midstance.",,10 x 15 x 6 inches,6.0,10.0,15.0,"November 17, 2009",11/17/2009,86,74,13,139.0,36.07,4,$36.07 - $139.00,ASICS Women's Gel-Venture 6 Running-Shoes,"Clothing, Shoes & Jewelry",4.5,7638,322,6,3
B01N63OQ2K,140,"Women's Shops, Women's Slippers",3265,"Sheepskin, Imported, Dyed Sheep, Fur Origin: United States/United Kingdom/Spain/Ireland/Australia, Rubber sole, Heel measures approximately 0.75"", Platform measures approximately 0.5 inches, Suede upper with our heat embossed UGG logo., Fully lined with 17mm sheepskin or UGG pure wool. To learn if your product contains UGG pure wool check the insert card in the box., Cushy foam for extra comfort. Covered with a genuine sheepskin sockliner or UGGpure wool., Molded gum rubber outsole, Moccasin toe construction and stitch details",Insole: 17mm UGGpure wool; woven heel label with UGG logo. outsole: molded rubber,10 x 15 x 6 inches,6.0,10.0,15.0,"May 2, 2011",5/2/2011,66,80,9,100.0,99.95,4,$99.95 - $100.00,UGG Women's Ansley Moccasin,"Clothing, Shoes & Jewelry",4.6,4709,1674,5,3
B01HF9ZL5M,235,"Men's Hiking Shoes, Men's Shops",1211,"suede leather, mesh, Imported, Synthetic sole, Performance suede leather and mesh upper, Bellows, closed-cell foam tongue keeps moisture and debris out, Protective rubber toe cap, Breathable mesh lining. 5mm lug depth, Vibram TC5+ sole",Experience out of the box comfort in this ventilated hiker - #1 in hiking shoes,10 x 15 x 6 inches,6.0,10.0,15.0,"December 21, 2016",12/21/2016,89,78,12,200.85,62.95,3,$62.95 - $200.85,Merrell Men's Moab 2 Vent Hiking Shoe,"Clothing, Shoes & Jewelry",4.6,5236,970,4,3
B07VVF1PN2,107,Women's Fashion Sneakers,1756,"100% Textile, Imported, Pieced Dyed Calf, Fur Origin: China, Synthetic sole, Memory foam cool fit insole",The style of the season. you'll love the look of this sporty slip on with simple lines and a neutral palette. this is the shoe you can really live in! memory foam cool fit insole. super soft lining at collar. rubber sidewalls and sole. material mixing adds interest and contrast.,5 x 5 x 0.7 inches,0.7,5.0,5.0,"June 21, 2015",6/21/2015,68,68,14,119.97,26.71,6,$26.71 - $119.97,Dr. Scholl's Shoes Women's Madison Fashion Sneaker,"Clothing, Shoes & Jewelry",4.3,3602,1386,7,5
B07PXTW4ZL,,"Men's Cross-Training Shoes, Men's Shops",385,"100% Synthetic, Imported, Rubber sole, Shaft measures approximately low-top from arch, Lightweight, breathable upper with webbing in the forefoot to keep your foot locked-in for multi-directional movements, 3D screenprint on upper for added durability & protection, Internal heel counter & TPU films in midfoot to heel for a locked-in, stable fit, Charged Cushioning midsole for even greater responsiveness & durability, providing optimal cushioning & energy return, Full rubber outsole for maximum durability with multi-directional traction pattern","Lightweight, breathable upper with webbing in the forefoot to keep your foot locked-in for multi-directional movements. 3D screenprint on upper for added durability & protection. Internal heel counter & TPU films in midfoot to heel for a locked-in, stable fit. Charged Cushioning midsole for even greater responsiveness & durability, providing optimal cushioning & energy return. Full rubber outsole for maximum durability with multi-directional traction pattern. Offset: 8mm. Weight: 9.1 oz..",,,,,"March 22, 2019",3/22/2019,88,53,35,70.0,43.78,,$43.78 - $70.00,Under Armour Men's Charged Engage Cross Trainer,"Clothing, Shoes & Jewelry",4.4,12,6623,12,
B081RSR4J3,52,"Women's Shops, Women's Road Running Shoes",697,"Gum Rubber sole, SHOE SIZE: ""B"" = Medium width, ""D"" = Wide width, ""2A"" = Narrow width, THIS SHOE IS FOR: Neutral runners obsessed with softness and cushioning. Sleeker than in the past, this shoe will appeal to people who love tons of cushion but — until now — haven’t loved the style., SUPER-SOFT CUSHIONING: The DNA LOFT cushioning provides a soft, luxurious feeling underfoot without losing responsiveness or durability, while the OrthoLite sockliner provides premium step-in comfort., THE PERFECT FIT AND FEEL: The plush feel of an internal stretch bootie surrounds your foot and moves and expands with your stride. The engineered mesh upper and 3D Fit Print technology only enhance the fit., SMOOTH TRANSITIONS: The DNA LOFT transition zone makes every move from heel to toe feel incredibly soft and smooth.",,5 x 5 x 0.7 inches,0.7,5.0,5.0,"May 15, 2018",5/15/2018,87,82,8,219.15,97.63,3,$97.63 - $219.15,Brooks Women's Glycerin 17 Running Shoe,"Clothing, Shoes & Jewelry",4.6,970,304,5,2
B071JMD8NJ,91,"Women's Shops, Women's Road Running Shoes",839,"Textile and Synthetic, Imported, Rubber sole, Shaft measures approximately low-top from arch, Grid supportive cushioning, Durable rubber outsole, Supportive upper overlays","Ready for every day and every way. Technology for even your toughest workouts, athletic styling that you can wear on your easiest days. The Cohesion 11 checks all the boxes to be your new favorite shoe.",5 x 5 x 0.7 inches,0.7,5.0,5.0,"December 28, 2017",12/28/2017,91,73,13,109.95,21.99,3,$21.99 - $109.95,Saucony Women's Cohesion 11 Running Shoe,"Clothing, Shoes & Jewelry",4.5,1536,4583,7,4
B077XBZ35B,3,"Men's Road Running Shoes, Men's Shops",1850,"Imported, Rubber sole, Shaft measures approximately 0-6"" from arch, Heel measures approximately 0-3"", Platform measures approximately 0-3 inches, Boot opening measures approximately 10"" around, Core ftw men sport inspired adidas, The adidas brand has a long history and deep-rooted Connection with sport. Everything we do is rooted in sport",adidas adult running shoe.,5 x 5 x 0.7 inches,0.7,5.0,5.0,"March 17, 2015",3/17/2015,87,75,12,157.94,33.72,6,$33.72 - $157.94,adidas Men's Lite Racer Adapt Running Shoe,"Clothing, Shoes & Jewelry",4.5,291,4229,4,4
B082Y85ZNL,19,"Women's Shops, Women's Road Running Shoes, Women's Fashion Sneakers",1850,"100% Textile, Imported, Rubber sole, Shaft measures approximately 0-6"" from arch, Platform measures approximately 0-3 inches, Boot opening measures approximately 6-12 inches around, Women's specific fit, Cloudfoam memory sockliner and textile lining, Easy, everyday runners, Hugs the foot",Explore your surroundings. These adidas running-inspired shoes feature a foot-hugging knit upper and a female-friendly fit. Soft midsole cushioning adds comfort as you head out for coffee or discover a busy side street.,5 x 5 x 0.7 inches,0.7,5.0,5.0,"March 17, 2015",3/17/2015,78,75,11,145.62,22.7,5,$22.70 - $145.62,adidas Women's Cloudfoam Pure Running Shoe,"Clothing, Shoes & Jewelry",4.5,1419,725,5,3
B01N5Y40CG,91,Men's Industrial & Construction Shoes,986,"100% Leather and Textile, Imported, Rubber sole, Shaft measures approximately 5"" from arch, Flexible, athletic Contour Welt construction moves with you by bending and flexing at essential points, Premium waterproof leather with abrasion resistant toe, Removable Ortholite cushioned footbed for all-day comfort, Slip, oil, water, abrasion, and chemical-resistant outsole for added protection on the job site, Composite Toe ASTM F2413-11 M I/75 C/75 EH, EW' on the product box refers to 'wide'","The overpass fuses wolverine’s innovative technologies for the ultimate combination of comfort and performance; it’s carbon max toe-cap is lighter weight, thinner for a better fit and astm approved, while the contoured and motion max technologies allow the boot to bend and flex at essential points for maximum performance. The overpass also features waterproof plus breathable membrane to ensure your feet stay dry in all work conditions.",5 x 5 x 0.7 inches,0.7,5.0,5.0,"August 1, 2017",8/1/2017,81,71,14,157.39,103.76,6,$103.76 - $157.39,"Wolverine Men's Overpass 6"" Composite Toe Waterproof Work Boot","Clothing, Shoes & Jewelry",4.4,972,5728,6,3
B06Y4BXPWS,69,"Women's Shops, Women's Sports Bras",3155,,"Women’s Nike Swoosh Sports Bra utilizes a compression fit, providing medium support for a variety of training activities. Sports bra straps create stabilizing tension, helping to minimize bounce during multidirectional movement.",6 x 12 x 0.2 inches,0.2,6.0,12.0,"August 22, 2011",8/22/2011,Fit not available,75,9,,39.99,5,$39.99,Women's Nike Swoosh Sports Bra,"Clothing, Shoes & Jewelry",4.5,851,5693,8,4
B003M68UN8,186,"Men's Fashion Sneakers, Men's Shops",5303,"100% nubuck leather, Imported, Rubber sole, Padded tongue and collar","Enjoy classic, sporty styling and exceptional comfort in this casual sneaker from Skechers.",9 x 6 x 0.5 inches,0.5,9.0,6.0,"October 4, 2005",10/4/2005,87,73,16,130.91,26.65,4,$26.65 - $130.91,Skechers Sport Men's Stamina Nuovo Cutback Lace-Up Sneaker,"Clothing, Shoes & Jewelry",4.5,6260,1636,5,2
B07F2NJ44M,130,"Women's Shops, Women's Walking Shoes",1629,"Imported, Synthetic sole, Shaft measures approximately low-top from arch, Imported, Synthetic sole, Shaft measures approximately low-top from arch, Breathable mesh with supportive synthetic overlays, Closure Type: Lace Up","With flowing and feminine seamless overlays, the devotion plus 2 is a fresh update to the award-winning heritage devotion line. A new marbled print on the breathable mesh creates beautiful visual interest. Combined with a popular network of proprietary re-zorb active foam and a lyrca-lined tongue and comfort collar with built-in cushion, the devotion plus 2 delivers supreme comfort and support with every step.",5 x 5 x 0.7 inches,0.7,5.0,5.0,"October 28, 2015",10/28/2015,84,69,14,167.68,29.99,6,$29.99 - $167.68,Ryka Women's Devotion Plus 2 Walking Shoe,"Clothing, Shoes & Jewelry",4.4,2678,1576,8,4
B07B94FBMY,133,"Men's Fashion Sneakers, Men's Shops",1850,"100% Knit Textile, Imported, Rubber sole, Shaft measures approximately low-top from arch, Platform measures approximately 0-3 inches inches inches inches, Boot opening measures approximately 11-inches around, Regular fit, Lace closure, Knit upper, Rubber outsole; Textile lining, Responsive Boost midsole, Stretchy, soft feel","Taking style cues from premium technical outerwear, these shoes blend '80s heritage with modern comfort. The soft and stretchy knit upper shows off subtle 3-Stripes and a translucent heel cage. Iconic EVA plugs accent the Boost midsole, adidas' most responsive cushioning ever.",5 x 5 x 0.7 inches,0.7,5.0,5.0,"March 17, 2015",3/17/2015,80,81,9,365.89,46.24,6,$46.24 - $365.89,adidas Originals Men's NMD_R1 Boost Shoes,"Clothing, Shoes & Jewelry",4.6,1602,1296,2,2
B07D9LW9YG,11,"Men's Fashion Sneakers, Men's Road Running Shoes, Men's Shops",1850,"Textile and Synthetic, Imported, Rubber sole, Shaft measures approximately 6-12 inches from arch, Platform measures approximately 0-3 inches, Boot opening measures approximately 0-3 inches around, Regular fit, Lace closure, Mesh and synthetic leather upper, Rubber outsole, Synthetic cage over the midfoot, Synthetic heel cap","Start clocking miles in these men's lightweight running shoes. On the treadmill or the streets, they add comfort to each step with soft cushioning. The supportive sneakers have an airy material-mix upper and a midfoot cage for extra support.",5 x 5 x 0.7 inches,0.7,5.0,5.0,"March 17, 2015",3/17/2015,83,73,14,125.63,30.0,6,$30.00 - $125.63,adidas Men's Falcon,"Clothing, Shoes & Jewelry",4.5,574,7175,4,3
B086MXWZ6Z,17,"Women's Shops, Women's Road Running Shoes",544,"Textile and Synthetic, Imported, Synthetic sole, Shaft measures approximately low-top from arch, Truly unique: The New Balance fresh Foam Roav V1 running shoes are the ultimate in casual Athletic style. Pairing a bold, attractive look with plush comfort, these cushioned running shoes are in a League of their own, Fresh Foam midsole: feel like you're running or walking in the clouds. The first of three proprietary technologies in this athletic shoe, fresh Foam midsole cushioning is precision engineered to deliver an ultra-cushioned, lightweight ride, Endurance outsole: step up your game without wearing out your favorite running shoes. Endurance rubber outsole technology provides superior Durability in high-wear areas to help get more out of the shoes, Ultra Heel: these neutral running shoes boast a head-turning heel that performs as well as it looks. The ultra Heel design hugs the back of the foot for a snug, supportive fit. This unique heel works alongside the bootie Upper for all-day comfort, 8mm drop: these lightweight shoes feature a heel-to-toe drop of approximately 8mm. Due to variances created during development and manufacturing processes, references to 8mm are approximate","The impressive New Balance fresh foam Roav running shoes are loaded with built-in technology to make your day More enjoyable. The midsole features fresh foam cushioning which provides a feeling of plush comfort while remaining lightweight. Ndurance technology makes the rubber outsole more durable so you can wear these shoes whether you're strutting on the sidewalk or jogging off-road. The ultra heel is strategically-designed to hug the back of your foot for a more supportive fit. These workout shoes are designed with your comfort in mind. The neutral cushioned running shoes hug your foot in its natural position to provide a lightly supported ride. Each element of the shoe's design is thoughtfully selected to ensure your feet are happy after daily wear. Made with a synthetic/mesh upper, these athletic shoes offer effortless wear and style. The bootie construction allows for easy on-and-off, while the stretch Webbing offers even more comfort and a customized fit. These all-purpose shoes are here to support you through each stride, lift, squat or stretch. Whether you're exploring the city, hitting the gym or running A quick mile, opt for a shoe that keeps your foot supported while providing a cloud-like ride.",13 x 9 x 6 inches,6.0,13.0,9.0,"October 18, 2018",10/18/2018,82,78,10,160.34,25.78,5,$25.78 - $160.34,New Balance Women's Roav V1 Fresh Foam Sneaker Running Shoe,"Clothing, Shoes & Jewelry",4.5,603,1588,6,2
B07F23YBMT,37,"Men's Road Running Shoes, Uniforms, Work & Safety Clothing, Men's Shops",655,"100% Synthetic, Imported, Rubber sole, Shaft measures approximately low-top from arch, Slip-on running shoes that hug your foot for fitted comfort, Regular fit; Slip-on construction, Textile upper for durability, Combined Cloudfoam midsole and outsole for step-in comfort and superior cushioning, Enjoy the comfort and performance of OrthoLite Float sockliner; Sock-like construction hugs the foot",These men's shoes transform a running-inspired style for the streets. A sock-like textile upper hugs the foot. Ultra-soft Cloudfoam cushioning in the one-piece midsole and outsole provides comfort that lasts all day.,5 x 5 x 0.7 inches,0.7,5.0,5.0,"June 27, 2018",6/27/2018,84,76,12,139.32,41.15,6,$41.15 - $139.32,adidas Men's Lite Racer Adapt Running Shoe,"Clothing, Shoes & Jewelry",4.5,1637,1243,4,2
B004QWYCVG,277,"Boys' Sneakers, Girls' Sneakers, Girls' Flats",5359,"100% Ethylene Vinyl Acetate, Imported, Rubber sole, Shaft measures approximately low-top from arch, Water-friendly, fast drying, lightweight foam, Odor-resistant, Slip-on, Easy clean, Durable rubber rand & toe cap","It's the leader of lite-ness and our original EVA all-star, the uncompromisable Jefferson. Like any reigning ruler of the ring, the Jefferson encompasses all of the fine features that you'd expect from a Native shoe. It's shock absorbent, odor resistant, hand-washable, and comes in an infinite assortment of colors and treatments. Capabilities clouds could only dream of.",8.3 x 2.8 x 2 inches,2.0,8.3,2.8,"August 8, 2005",8/8/2005,69,81,9,54.04,28.0,5,$28.00 - $54.04,"Native Shoes - Jefferson, Kids Shoe","Clothing, Shoes & Jewelry",4.6,3661,78,4,2
B07GXDWFVG,151,"Men's Fashion Sneakers, Men's Walking Shoes, Men's Shops",3161,"100% Leather, Made in the USA, Rubber sole, Shaft measures approximately Low-Top"" from arch, Padded collar and tongue, Walk-specific comfort footbed, ABZORB midsole cushioning, Walking Strike Path outsole, Polyurethane Midsole for stable cushioning",A durable and cushioned shoe designed for a moderate-paced walker.,10 x 15 x 6 inches,6.0,10.0,15.0,"August 16, 2011",8/16/2011,82,64,18,164.01,44.8,7,$44.80 - $164.01,New Balance Men's MW577 Walking Shoe,"Clothing, Shoes & Jewelry",4.3,4270,2518,7,5
B07WP61VKR,,"Boys' Running Shoes, Girls' Running Shoes",477,"Textile, Imported, Rubber sole, Shaft measures approximately low-top from arch, Bootie construction, Fresh Foam innovative midsole created from a single piece of foam that provides a plush, more natural ride, Rubber outsole, Synthetic/textile upper, Ultra heel","Transforming style and comfort for growing feet, the New Balance Fresh Foam Roav kids' shoe offers an incomparable fit and feel in a modern silhouette for play, practice and performance.",10 x 15 x 6 inches,6.0,10.0,15.0,"December 25, 2018",12/25/2018,92,82,8,138.26,17.14,3,$17.14 - $138.26,New Balance Kids' Roav V1 Fresh Foam Lace Running Shoe,"Clothing, Shoes & Jewelry",4.7,235,3316,5,2
B0719MHX9L,328,"Men's Trail Running Shoes, Men's Shops",3800,"Synthetic, Imported, Rubber sole, Shaft measures approximately low-top from arch, Rearfoot GEL Cushioning System: Attenuates shock during impact phase and allows for a smooth transition to midstance., Removable Sockliner: A sockliner which can be removed to accommodate a medical orthotic., Removable Sockliner: A sockliner which can be removed to accommodate a medical orthotic., Trail Specific Outsole: Reversed lugs provide uphill and downhill traction on all types of terrain., AHAR Outsole: Acronym for ASICS High Abrasion Rubber. Placed in critical areas of the outsole for exceptional durability.",,10 x 15 x 6 inches,6.0,10.0,15.0,"November 17, 2009",11/17/2009,89,75,15,145.56,27.91,3,$27.91 - $145.56,ASICS Men's Gel-Venture 6 Running Shoe,"Clothing, Shoes & Jewelry",4.6,8974,240,5,2
B07K1N4FF1,153,"Men's Walking Shoes, Men's Cross-Training Shoes, Men's Shops",2005,"Man Made, Imported, Rubber sole, Shaft measures approximately low-top from arch, Dual Density Collar Foam, Injection Molded EVA, Internal Shank, PU insert, Slip Resistant AB5 Black Colorway","The 608v5 enhances all day comfort with a larger abzorb heel crash pad, durable molded pu insert and relaxed fit last to help provide versatile comfort wear after wear.",10 x 15 x 6 inches,6.0,10.0,15.0,"October 17, 2014",10/17/2014,87,76,14,152.91,20.41,4,$20.41 - $152.91,New Balance Men's 608v5 Casual Comfort Cross Trainer Shoe,"Clothing, Shoes & Jewelry",4.5,3945,386,4,2
B07Q2Z88TT,15,"Men's Fashion Sneakers, Men's Shops",380,"100% Leather, Made in the USA and Imported, Rubber sole, Shaft measures approximately low-top from arch, Platform measures approximately 1 inch, Shoes run’s large. Suggested to buy a size down, Low top leather shoes that serve up classic style, Regular fit; Lace closure, Durable leather upper, Cushioning midsole, Comfortable synthetic lining",A clean and crisp tennis style that's meant for everyday wear. These men's low-profile shoes offer a timeless look in smooth leather with serrated 3-Stripes and a simple rubber cupsole. They show off authentic adidas Originals style with a Trefoil logo on the tongue and heel patch.,5 x 5 x 0.7 inches,0.7,5.0,5.0,"March 27, 2019",3/27/2019,71,64,10,49.99,14.63,17,$14.63 - $49.99,adidas Men's Coast Star Shoes,"Clothing, Shoes & Jewelry",4.0,405,5334,6,3
B07568JYPN,97,"Men's Fashion Sneakers, Men's Shops",3061,"100% Textile and Synthetic, Imported, Synthetic sole, Shaft measures approximately not_applicable from arch, Air Cooled Memory Foam, Classic Fit, Air Cooled, Bungee Lace, Adjustable",Round toe mesh slip on w/bungee cord lace type,10 x 15 x 6 inches,6.0,10.0,15.0,"November 26, 2011",11/26/2011,82,77,14,140.34,37.5,3,$37.50 - $140.34,Skechers Men's Classic Fit-Delson-Camden Sneaker,"Clothing, Shoes & Jewelry",4.6,4235,621,4,2
B086XXLJ86,11,Baby Boys' Sneakers,243,"100% Synthetic, Imported, Rubber sole, Shaft measures approximately 0-6"" from arch, Platform measures approximately .5 inches, Adidas quality, Imported By Adidas","The court looks of the '70s let little ones make a fashion play. Inspired by tennis classics, these toddlers' shoes build in modern comfort with lightweight cushioning. The strap closure on the leather-like upper makes them easy to slide on and off.",,,,,"August 14, 2019",8/14/2019,81,81,9,94.15,25.3,4,$25.30 - $94.15,adidas Kids' Grand Court Sneaker,"Clothing, Shoes & Jewelry",4.6,181,827,4,1
B0828J8SJL,18,"Boys' Running Shoes, Girls' Running Shoes",2005,"100% Synthetic, Imported, Rubber sole, Shaft measures approximately low-top from arch, To be updated, To be updated","The perfect combination of style, versatility and comfort. The infants' Arishi v2 from New Balance delivers reliable cushioning and modern style. The soft, lightweight ride is paired with sophisticated style that lasts through the school day into the weekends.",10 x 15 x 6 inches,6.0,10.0,15.0,"October 17, 2014",10/17/2014,87,74,10,104.32,10.82,6,$10.82 - $104.32,New Balance Kids' Arishi V2 Running Shoe,"Clothing, Shoes & Jewelry",4.4,565,1493,5,5
B0012G6KX2,496,"Women's Shops, Women's Fashion Sneakers",5303,"Leather and Synthetic, Imported, Rubber sole, Platform measures approximately 1 inches inches, Lightweight ; 1 1/4 inch built in heel., Flexible sole",Skechers Memory Foam,5 x 5 x 0.7 inches,0.7,5.0,5.0,"October 4, 2005",10/4/2005,77,74,11,123.57,35.95,5,$35.95 - $123.57,Skechers Women's D'Lites Memory Foam Lace-up Sneaker,"Clothing, Shoes & Jewelry",4.4,16637,234,6,3
B07PX3Y7CF,41,"Men's Trail Running Shoes, Men's Shops",381,"Fabric,Manmade, Imported, Rubber sole, Ortholite X-40 Sockliner - This premium sockliner features higher rebound properties while providing excellent moisture management and a high-level of breathability (Ortholite is a registered trademark of ATP Manufacturing LLC.)",,10 x 15 x 6 inches,6.0,10.0,15.0,"March 26, 2019",3/26/2019,84,72,16,145.9,39.99,4,$39.99 - $145.90,ASICS Men's Gel-Venture 7 Trail Running Shoes,"Clothing, Shoes & Jewelry",4.5,1816,364,5,2
B082JRY6M9,142,"Women's Shops, Women's Fashion Sneakers",1850,"100% Textile, Imported, Rubber sole, Shaft measures approximately 0-6 inches from arch, Platform measures approximately 0-3 inches, Boot opening measures approximately 6-12 inches around, Women's specific fit, Cloudfoam memory sockliner and textile lining, Easy, everyday runners. Lace closure, Hugs the foot",Explore your surroundings. These adidas running-inspired shoes feature a foot-hugging knit upper and a female-friendly fit. Soft midsole cushioning adds comfort as you head out for coffee or discover a busy side street.,5 x 5 x 0.7 inches,0.7,5.0,5.0,"March 17, 2015",3/17/2015,81,82,10,140.34,44.99,3,$44.99 - $140.34,adidas Women's Cloudfoam Pure Running Shoe,"Clothing, Shoes & Jewelry",4.7,7280,115,4,2
B07GLHFS76,208,"Men's Cross-Training Shoes, Men's Shops",2005,"100% Leather, Imported, Rubber sole, Shaft measures approximately low-top from arch, Cross training shoe with suede upper featuring injection molded EVA midsole and non marking outsole, Abzorb heel","For the sportsman consumer seeking all day comfort in a durable athletic silhouette, the 623v3 builds upon the predecessors features of breathability, versatility and durability, but increases the all-day comfort through a larger absorb heel capsule, reinforced collar foam and an eva footbed.",5 x 5 x 0.7 inches,0.7,5.0,5.0,"October 17, 2014",10/17/2014,88,71,14,152.91,28.4,6,$28.40 - $152.91,New Balance Men's 623 V3 Casual Comfort Training Shoe,"Clothing, Shoes & Jewelry",4.4,5749,268,5,3
B07D9MF2BS,119,"Men's Skateboarding Shoes, Men's Fashion Sneakers, Men's Shops",1971,"100% Synthetics | Textile, Imported, Rubber sole, Shaft measures approximately low-top from arch, Sneakers for skate sessions or casual style, Regular fit; Lace closure, Synthetic suede upper for a plush look, Soft textile lining for comfort, Rubber outsole provides secure traction","Designed so they're ready to ride with no wear-in time, these men's shoes draw on adidas heritage and reimagine it specifically for skateboarding. An abrasion-resistant synthetic suede upper holds up to daily park sessions while a textile lining keeps your feet comfortable on or off the board. Classic 3-Stripes and a linear Trefoil logo give these men's shoes low-key adidas style.",5 x 5 x 0.7 inches,0.7,5.0,5.0,"November 21, 2014",11/21/2014,82,76,12,74.95,12.68,4,$12.68 - $74.95,adidas Originals Men's Seeley Running Shoe,"Clothing, Shoes & Jewelry",4.5,3372,955,6,3
B00RW1B9SW,13,"Men's Cross-Training Shoes, Men's Shops",2839,"100% Textile and synthetic, Rubber sole, Reebok CrossFit Nano 2.0 Shoe - Men's","Reebok was founded for one of the best reasons possible: athletes wanted to run faster. So in the 1890s, Joseph William Foster made some of the first known running shoes with spikes in them. By 1895, he was in business making shoes by hand for top runners; and before long his fledgling company, J.W. Foster and Sons, developed an international clientele of distinguished athletes.",,,,,"July 3, 2012",7/3/2012,83,78,14,,98.06,2,$98.06,Reebok Men's CROSSFIT Nano 2.0 Cross Trainer,"Clothing, Shoes & Jewelry",4.6,536,404695,5,2
B082JRY6M9,142,"Women's Shops, Women's Fashion Sneakers",1850,"100% Textile, Imported, Rubber sole, Shaft measures approximately 0-6 inches from arch, Platform measures approximately 0-3 inches, Boot opening measures approximately 6-12 inches around, Women's specific fit, Cloudfoam memory sockliner and textile lining, Easy, everyday runners, Hugs the foot. Lace closure",These women's running-inspired shoes cradle your feet with a stretchy neoprene-like upper and a Cloudfoam sockliner for a comfortable step-in feel. Plush cushioning at the midsole and outsole makes every step a dream.,5 x 5 x 0.7 inches,0.7,5.0,5.0,"March 17, 2015",3/17/2015,81,82,10,,45.0,3,$45.00,adidas Women's Cloudfoam Pure Running Shoe,"Clothing, Shoes & Jewelry",4.7,7280,115,4,2
B0719MHX9L,328,"Men's Trail Running Shoes, Men's Shops",3800,"Synthetic, Imported, Rubber sole, Shaft measures approximately low-top from arch, Rearfoot GEL Cushioning System: Attenuates shock during impact phase and allows for a smooth transition to midstance., Removable Sockliner: A sockliner which can be removed to accommodate a medical orthotic., Removable Sockliner: A sockliner which can be removed to accommodate a medical orthotic., Trail Specific Outsole: Reversed lugs provide uphill and downhill traction on all types of terrain., AHAR Outsole: Acronym for ASICS High Abrasion Rubber. Placed in critical areas of the outsole for exceptional durability.",,10 x 15 x 6 inches,6.0,10.0,15.0,"November 17, 2009",11/17/2009,89,75,15,,54.95,3,$54.95,ASICS Men's Gel-Venture 6 Running Shoe,"Clothing, Shoes & Jewelry",4.6,8974,240,5,2
B078WHHZ53,178,"Women's Shops, Women's Walking Shoes",888,"Textile, Imported, Synthetic sole, Shaft measures approximately low-top from arch, Lightweight and flexible, Responsive 5Gen cushioning, Skechers Goga Max high rebound insole, Breathable mesh upper, Soft fabric lining and padded collar, Parametric cushioned 5Gen midsole for added comfort",Athletic air mesh slip on,10 x 15 x 6 inches,6.0,10.0,15.0,"November 9, 2017",11/9/2017,72,75,12,138.28,29.7,4,$29.70 - $138.28,Skechers Women's Go Walk Joy Walking Shoe,"Clothing, Shoes & Jewelry",4.5,5854,123,6,3
B0856T9HNG,65,"Men's Fashion Sneakers, Men's Shops",600,"Textile, Imported, Rubber sole, Shaft measures approximately 0-6"" from arch, Platform measures approximately 1 inches, Boot opening measures approximately 6-12"" around, Regular fit, Lace closure, Leather upper, Rubber outsole",A '70s style reborn. These shoes take inspiration from iconic sport styles of the past and move them into the future. The shoes craft an everyday look with a smooth leather upper. Signature 3-Stripes flash along the sides. Plush midsole cushioning gives comfort to every step.,5 x 5 x 0.7 inches,0.7,5.0,5.0,"August 22, 2018",8/22/2018,83,82,10,141.69,38.88,3,$38.88 - $141.69,adidas Men's Grand Court Sneaker,"Clothing, Shoes & Jewelry",4.7,2305,2702,3,2
B07MLD3GZX,51,"Women's Shops, Women's Road Running Shoes",462,"Fabric, Imported, Rubber sole, AmpliFoam Midsole - Engineered to maintain durability at softer densities, providing better flexibility, comfort, and platform adaptability ideal for natural running., Rearfoot GEL technology cushioning system - Attenuates shock during impact phase and allows for a smooth transition to midstance., Ortholite Sockliner - Moisture management (Ortholite is a registered trademark of ATP Manufacturing LLC).",,10 x 15 x 6 inches,6.0,10.0,15.0,"January 5, 2019",1/5/2019,89,82,10,147.71,44.12,3,$44.12 - $147.71,ASICS Women's Gel-Excite 6 Running Shoes,"Clothing, Shoes & Jewelry",4.7,1743,431,4,2
B07G7ZCZPZ,66,"Men's Road Running Shoes, Men's Shops",616,"84% Polyester, 16% Elastane, Imported, Rubber sole, Shaft measures approximately low-top from arch, NEUTRAL: For runners who need a balance of flexibility & cushioning, Lightweight mesh upper with 3-color digital print delivers complete breathability, Durable leather overlays for stability & that locks in your midfoot, EVA sockliner provides soft, step-in comfort, Charged Cushioning midsole uses compression molded foam for even greater responsiveness & durability, providing optimal cushioning & energy return","NEUTRAL: For runners who need a balance of flexibility & cushioning. Lightweight mesh upper with 3-color digital print delivers complete breathability. Durable leather overlays for stability & that locks in your midfoot. EVA sockliner provides soft, step-in comfort. Charged Cushioning midsole uses compression molded foam for even greater responsiveness & durability, providing optimal cushioning & energy return. Solid rubber outsole covers high impact zones for greater durability with less weight. Offset:. Weight: 9.9 oz.",,,,,"August 6, 2018",8/6/2018,86,80,13,70.0,32.04,3,$32.04 - $70.00,Under Armour Men's Charged Assert 8 Running Shoe,"Clothing, Shoes & Jewelry",4.6,2815,119,3,2
B004QWYCVG,277,"Boys' Sneakers, Girls' Sneakers, Girls' Flats",5359,"100% Ethylene Vinyl Acetate, Imported, Rubber sole, Shaft measures approximately low-top from arch, Water-friendly, fast drying, lightweight foam, Odor-resistant, Slip-on, Easy clean, Durable rubber rand & toe cap","It's the leader of lite-ness and our original EVA all-star, the uncompromisable Jefferson. Like any reigning ruler of the ring, the Jefferson encompasses all of the fine features that you'd expect from a Native shoe. It's shock absorbent, odor resistant, hand-washable, and comes in an infinite assortment of colors and treatments. Capabilities clouds could only dream of.",8.3 x 2.8 x 2 inches,2.0,8.3,2.8,"August 8, 2005",8/8/2005,69,81,9,54.04,28.0,5,$28.00 - $54.04,"Native Shoes - Jefferson, Kids Shoe","Clothing, Shoes & Jewelry",4.6,3661,78,4,2
B07784DH68,20,Men's Health Care & Food Service Shoes,821,"Synthetic, Imported, Synthetic sole, Shaft measures approximately low-top from arch, Memory Foam Footbed, Relaxed Fit",Skechers slip resistant athletic work shoes,10 x 15 x 6 inches,6.0,10.0,15.0,"January 11, 2018",1/11/2018,78,66,16,99.46,28.99,7,$28.99 - $99.46,Skechers Men's Nampa-Groton Food Service Shoe,"Clothing, Shoes & Jewelry",4.3,1446,2973,7,5
B082Y85ZNL,19,"Women's Shops, Women's Road Running Shoes, Women's Fashion Sneakers",1850,"100% Textile, Imported, Rubber sole, Shaft measures approximately 0-6"" from arch, Platform measures approximately 0-3 inches, Boot opening measures approximately 6-12 inches around, Women's specific fit, Cloudfoam memory sockliner and textile lining, Easy, everyday runners, Hugs the foot",Explore your surroundings. These adidas running-inspired shoes feature a foot-hugging knit upper and a female-friendly fit. Soft midsole cushioning adds comfort as you head out for coffee or discover a busy side street.,5 x 5 x 0.7 inches,0.7,5.0,5.0,"March 17, 2015",3/17/2015,78,75,11,145.62,22.7,5,$22.70 - $145.62,adidas Women's Cloudfoam Pure Running Shoe,"Clothing, Shoes & Jewelry",4.5,1419,725,5,3
B07B94FBMY,133,"Men's Fashion Sneakers, Men's Shops",1850,"100% Knit Textile, Imported, Rubber sole, Shaft measures approximately low-top from arch, Platform measures approximately 0-3 inches inches inches inches, Boot opening measures approximately 11-inches around, Regular fit, Lace closure, Knit upper, Rubber outsole; Textile lining, Responsive Boost midsole, Stretchy, soft feel","Taking style cues from premium technical outerwear, these shoes blend '80s heritage with modern comfort. The soft and stretchy knit upper shows off subtle 3-Stripes and a translucent heel cage. Iconic EVA plugs accent the Boost midsole, adidas' most responsive cushioning ever.",5 x 5 x 0.7 inches,0.7,5.0,5.0,"March 17, 2015",3/17/2015,80,81,9,365.89,46.24,6,$46.24 - $365.89,adidas Originals Men's NMD_R1 Boost Shoes,"Clothing, Shoes & Jewelry",4.6,1602,1296,2,2
B07Z7DRVJ9,8,"Men's Road Running Shoes, Men's Cross-Training Shoes, Men's Shops",292,"Synthetic, Imported, Rubber sole, Shaft measures approximately low-top from arch, Lightweight mesh upper delivers complete breathability, Dual-external heel counter hugs for your foot for added stability, Leather, mid-foot saddle provides comfortable support, Cushioned sockliner molds to the shape of your foot, eliminating slippage & providing ideal underfoot comfort, Charged Cushioning midsole absorbs impact & converts it into a responsive burst","Lightweight mesh upper delivers complete breathability. Dual-external heel counter hugs for your foot for added stability. Leather, mid-foot saddle provides comfortable support. Cushioned sockliner molds to the shape of your foot, eliminating slippage & providing ideal underfoot comfort. Charged Cushioning midsole absorbs impact & converts it into a responsive burst. Full rubber outsole with strategically placed flex grooves for multi-surface traction & superior flexibility. Offset: 8mm. Weight: 10.6 oz.",,,,,"June 25, 2019",6/25/2019,85,79,12,80.0,59.99,3,$59.99 - $80.00,Under Armour Men's Charged Commit 2.0 Cross Trainer,"Clothing, Shoes & Jewelry",4.6,290,3278,4,2
B07CN368LS,54,"Women's Shops, Women's Road Running Shoes",2005,"Mesh-Synthetic, Imported, Rubber sole, Shaft measures approximately Low-Top"" from arch, Rearfoot and Forefoot GEL Technology Cushioning System - Attenuates shock during impact and toe-off phases, and allows movement in multiple planes as the foot transitions through the gait cycle., I.G.S (Impact Guidance System) Technology - ASICS design philosophy that employs linked componentry to enhance the foot's natural gait from heel strike to toe-off., Guidance Line Midsole Technology - Vertical flex groove decouples the tooling along the line of progression for enhanced gait efficiency., Guidance Trusstic System Technology - This Trusstic System Technology integrates Guidance Line construction for enhanced gait efficiency while providing midfoot structural integrity., SpevaFoam 45 Lasting - Employs 45 degree full length SpevaFoam 45 lasting material for a soft platform feel and improved comfort.","Designed for a lightweight ride, the GEL-KAYANO 25 women's running shoe guarantees maximum comfort and stability. FLYTEFOAM technology employs organic super fibers that resist compression, providing enduring bounce on even the longest runs. The signature GEL technology minimizes impact and protects your joints. Seamless materials and construction techniques keep runners free from uncomfortable pressure points or chafing, while carefully dispersed eyelets allow for more even pressure distribution over the lacing, to give a custom-fit feel. The shoe's sleek design features an internal elastic sleeve that fits snugly around your foot like a sock, with a knit upper inspired by the belt of a traditional Japanese kimono. These shoes will give you the energy and stability you need to run further every time. Weight: 9.81. Heel Height: 24mm. Forefoot Height: 11mm.",5 x 5 x 0.7 inches,0.7,5.0,5.0,"October 17, 2014",10/17/2014,83,74,10,275.63,53.81,7,$53.81 - $275.63,ASICS Women's Gel-Kayano 25 Running Shoes,"Clothing, Shoes & Jewelry",4.4,1517,907,5,4
B07PX3YW7Y,38,"Women's Shops, Women's Trail Running Shoes",381,"fabric-and-synthetic, Made in USA or Imported, Rubber sole, Durable uppers crafted from synthetic leather and breathable mesh, Lace up closure for a secure fit, Fabric linings keep feet cool and dry, Stabilizing internal heel counter gently helps your foot remain in its natural line of motion, ORTHOLITE sockliner provides a cushioned layer underfoot, while molding to the shape of your foot for added comfort",,10 x 15 x 6 inches,6.0,10.0,15.0,"March 26, 2019",3/26/2019,83,72,14,145.63,39.99,4,$39.99 - $145.63,ASICS Women's Gel-Venture 7 Running Shoes,"Clothing, Shoes & Jewelry",4.5,1704,328,7,3
B01N9JW0HQ,106,"Men's Trail Running Shoes, Men's Shops",1032,"100% Leather and Textile, Imported, Rubber sole, Shaft measures approximately low-top from arch, CUSH+ midsole, AT TREAD outsole, NB Ultra Soft comfort inset","Be ready for anything with the rugged styling, athletic fit and smooth comfort of the legendary all terrain 481. Durable and versatility never felt so good",10 x 15 x 6 inches,6.0,10.0,15.0,"June 15, 2017",6/15/2017,73,67,16,138.26,45.32,6,$45.32 - $138.26,New Balance Men's 481V3 Cushioning Trail Running Shoe,"Clothing, Shoes & Jewelry",4.3,2289,667,7,4
B00NQY1OKM,150,"Men's Loafers & Slip-Ons, Men's Health Care & Food Service Shoes",1848,"Synthetic, Imported, Synthetic sole, Slip-on shoe work shoe featuring mesh fabric upper and slip-resistant traction outsole, Elastic side gores at opening, Padded collar and reinforced stitched seams. Memory foam insole for cushioning, For medium fit it maintains medium width in the heel with a roomier toe box. For medium fit it is a bit more open interior offers a looser fit around the entire foot, Soft fabric shoe lining",Slip on work shoe,10 x 15 x 6 inches,6.0,10.0,15.0,"March 19, 2015",3/19/2015,82,76,14,152.99,41.23,4,$41.23 - $152.99,Skechers for Work Men's Flex Advantage Mcallen Food Service Shoe,"Clothing, Shoes & Jewelry",4.5,3082,2575,4,2
B086MXWZ6Z,17,"Women's Shops, Women's Road Running Shoes",544,"Textile and Synthetic, Imported, Synthetic sole, Shaft measures approximately low-top from arch, Truly unique: The New Balance fresh Foam Roav V1 running shoes are the ultimate in casual Athletic style. Pairing a bold, attractive look with plush comfort, these cushioned running shoes are in a League of their own, Fresh Foam midsole: feel like you're running or walking in the clouds. The first of three proprietary technologies in this athletic shoe, fresh Foam midsole cushioning is precision engineered to deliver an ultra-cushioned, lightweight ride, Endurance outsole: step up your game without wearing out your favorite running shoes. Endurance rubber outsole technology provides superior Durability in high-wear areas to help get more out of the shoes, Ultra Heel: these neutral running shoes boast a head-turning heel that performs as well as it looks. The ultra Heel design hugs the back of the foot for a snug, supportive fit. This unique heel works alongside the bootie Upper for all-day comfort, 8mm drop: these lightweight shoes feature a heel-to-toe drop of approximately 8mm. Due to variances created during development and manufacturing processes, references to 8mm are approximate","The impressive New Balance fresh foam Roav running shoes are loaded with built-in technology to make your day More enjoyable. The midsole features fresh foam cushioning which provides a feeling of plush comfort while remaining lightweight. Ndurance technology makes the rubber outsole more durable so you can wear these shoes whether you're strutting on the sidewalk or jogging off-road. The ultra heel is strategically-designed to hug the back of your foot for a more supportive fit. These workout shoes are designed with your comfort in mind. The neutral cushioned running shoes hug your foot in its natural position to provide a lightly supported ride. Each element of the shoe's design is thoughtfully selected to ensure your feet are happy after daily wear. Made with a synthetic/mesh upper, these athletic shoes offer effortless wear and style. The bootie construction allows for easy on-and-off, while the stretch Webbing offers even more comfort and a customized fit. These all-purpose shoes are here to support you through each stride, lift, squat or stretch. Whether you're exploring the city, hitting the gym or running A quick mile, opt for a shoe that keeps your foot supported while providing a cloud-like ride.",13 x 9 x 6 inches,6.0,13.0,9.0,"October 18, 2018",10/18/2018,82,78,10,160.34,25.78,5,$25.78 - $160.34,New Balance Women's Roav V1 Fresh Foam Sneaker Running Shoe,"Clothing, Shoes & Jewelry",4.5,604,1588,6,2
B071LK4FLC,275,"Women's Shops, Women's Road Running Shoes",3800,"Synthetic, Rubber sole, REARFOOT GEL BRAND TECHNOLOGY CUSHIONING SYSTEM: Attenuates shock during impact phase and allows for a smooth transition to midstance.",,10 x 15 x 6 inches,6.0,10.0,15.0,"November 17, 2009",11/17/2009,86,74,13,139.0,36.07,4,$36.07 - $139.00,ASICS Women's Gel-Venture 6 Running-Shoes,"Clothing, Shoes & Jewelry",4.5,7638,322,6,3
B01MQY9KXQ,103,"Men's Fashion Sneakers, Men's Road Running Shoes, Men's Shops",1178,"100% Other fibers, Imported, Rubber sole, Shaft measures approximately low-top from arch, Platform measures approximately 0-3 inches, Boot opening measures approximately 0-3 inches around, Breathable mesh upper, Comfortable textile lining, Reflective 3 Stripes and heel tab, Round knitted laces",A minimalist style brings modern looks to the running-inspired X_PLR. These men's shoes feature a breathable mesh upper for comfort. Reflective 3-Stripes and heel tab against a monochromatic background create a premium look. EVA in the tonal midsole provides lightweight cushioning.,5 x 5 x 0.7 inches,0.7,5.0,5.0,"January 19, 2017",1/19/2017,84,79,11,177.7,42.22,4,$42.22 - $177.70,adidas Men's X_Plr Fashion Sneaker,"Clothing, Shoes & Jewelry",4.6,2233,1082,4,2
B01HF9ZL5M,235,"Men's Hiking Shoes, Men's Shops",1211,"suede leather, mesh, Imported, Synthetic sole, Performance suede leather and mesh upper, Bellows, closed-cell foam tongue keeps moisture and debris out, Protective rubber toe cap, Breathable mesh lining. 5mm lug depth, Vibram TC5+ sole",Experience out of the box comfort in this ventilated hiker - #1 in hiking shoes,10 x 15 x 6 inches,6.0,10.0,15.0,"December 21, 2016",12/21/2016,89,78,12,200.85,62.95,3,$62.95 - $200.85,Merrell Men's Moab 2 Vent Hiking Shoe,"Clothing, Shoes & Jewelry",4.6,5236,970,4,3
B07TNLP4BT,37,"Women's Shops, Men's Mules & Clogs, Women's Mules & Clogs",746,"100% Synthetic, Imported, Synthetic sole, Shaft measures approximately not_applicable from arch, CROCS CLASSIC TIE DYE CLOG: Timeless, fun and full of peaceful good vibes, the bright tie dye Crocs for men and women add the perfect groovy statement to any style., GROOVY STYLE: Grounded in comfort and spiked with personality for all ages. The women's and men's shoe is ready to rock wherever you choose to roll., ICONIC COMFORT: From downtime to downtown, these mule clogs are flexible and made of Croslite material for Iconic Crocs Comfort. The pivoting heel strap offers a secure fit and trendy look., LIGHTWEIGHT: These Crocs for women and men are incredibly lightweight and fun to wear. The shoes' flexible material is perfect for when you're on-the-go or just hangin' out., CROCS SHOES: Crocs clogs' can be customized to your personal flair with Jibbitz charms. The material of the mule is easy to clean, leaving the tie-dye graphic vibrant wear after wear.","Timeless, fun and full of peaceful good vibes, the bright pops of tie-dye graphics on these clogs are the perfect way to make a groovy style statement. On-the-go or just-hang in’ out. Grounded in comfort, spiked with personality for all ages. From downtime to downtown, these are ready to rock wherever you choose to roll.",,,,,"March 26, 2018",3/26/2018,86,87,7,44.99,27.42,3,$27.42 - $44.99,Crocs Men's and Women's Classic Tie Dye Clog | Comfortable Slip On Water Shoe,"Clothing, Shoes & Jewelry",4.8,2518,70,2,1
B0765KN4HB,165,"Women's Shops, Women's Flats",2297,"100% Fabric or Textile, Imported, Rubber sole, Shaft measures approximately not_applicable from arch, memory foam footbed, Flexible sole",Canvas slip on with memory foam sockbed,5 x 5 x 0.7 inches,0.7,5.0,5.0,"December 30, 2013",12/30/2013,74,71,13,106.53,17.39,6,$17.39 - $106.53,Skechers BOBS Women's Bobs Plush-Peace & Love,"Clothing, Shoes & Jewelry",4.4,7359,367,7,4
B07WJ59TD6,162,"Women's Shops, Women's Road Running Shoes",1850,"100% Knit Textile, Imported, Rubber sole, Women's sleek runner-style shoes packed with comfort, Women's-specific fit, Mesh upper with neoprene on the midfoot and heel is breathable and durable, Cloudfoam memory sockliner molds to the foot for superior step-in comfort, Combined Cloudfoam midsole and outsole for step-in comfort and superior cushioning","A speedy racer style, these running-inspired shoes keep you feeling light on your feet with plush Cloudfoam cushioning and a foot-hugging design. The mesh upper flashes 3-Stripes down the side for a sporty finish.",5 x 5 x 0.7 inches,0.7,5.0,5.0,"March 17, 2015",3/17/2015,82,75,11,130.91,22.58,5,$22.58 - $130.91,adidas Women's Cloudfoam Qt Racer Running Shoe,"Clothing, Shoes & Jewelry",4.5,4797,641,6,3
B081RSR4J3,52,"Women's Shops, Women's Road Running Shoes",697,"Gum Rubber sole, SHOE SIZE: ""B"" = Medium width, ""D"" = Wide width, ""2A"" = Narrow width, THIS SHOE IS FOR: Neutral runners obsessed with softness and cushioning. Sleeker than in the past, this shoe will appeal to people who love tons of cushion but — until now — haven’t loved the style., SUPER-SOFT CUSHIONING: The DNA LOFT cushioning provides a soft, luxurious feeling underfoot without losing responsiveness or durability, while the OrthoLite sockliner provides premium step-in comfort., THE PERFECT FIT AND FEEL: The plush feel of an internal stretch bootie surrounds your foot and moves and expands with your stride. The engineered mesh upper and 3D Fit Print technology only enhance the fit., SMOOTH TRANSITIONS: The DNA LOFT transition zone makes every move from heel to toe feel incredibly soft and smooth.",,5 x 5 x 0.7 inches,0.7,5.0,5.0,"May 15, 2018",5/15/2018,87,82,8,219.15,97.63,3,$97.63 - $219.15,Brooks Women's Glycerin 17 Running Shoe,"Clothing, Shoes & Jewelry",4.6,970,304,5,2
B07VVF1PN2,107,Women's Fashion Sneakers,1756,"100% Textile, Imported, Pieced Dyed Calf, Fur Origin: China, Synthetic sole, Memory foam cool fit insole",The style of the season. you'll love the look of this sporty slip on with simple lines and a neutral palette. this is the shoe you can really live in! memory foam cool fit insole. super soft lining at collar. rubber sidewalls and sole. material mixing adds interest and contrast.,5 x 5 x 0.7 inches,0.7,5.0,5.0,"June 21, 2015",6/21/2015,68,68,14,119.97,26.71,6,$26.71 - $119.97,Dr. Scholl's Shoes Women's Madison Fashion Sneaker,"Clothing, Shoes & Jewelry",4.3,3602,1386,7,5
B07JQ477YB,30,"Women's Road Running Shoes, Men's Road Running Shoes, Men's Shops",2005,"Fabric,Manmade, Imported, Synthetic sole, Rearfoot GEL technology cushioning system - Attenuates shock during impact phase and allows for a smooth transition to midstance., EVA Midsole -, Ortholite Sockliner - Moisture management (Ortholite is a registered trademark of ATP Manufacturing LLC).",,5 x 5 x 0.7 inches,0.7,5.0,5.0,"October 17, 2014",10/17/2014,81,73,13,154.44,37.47,5,$37.47 - $154.44,ASICS Women's Gel-Quantum 90 Running Shoes,"Clothing, Shoes & Jewelry",4.5,952,1153,6,3
B07F23YBMT,37,"Men's Road Running Shoes, Uniforms, Work & Safety Clothing, Men's Shops",655,"100% Synthetic, Imported, Rubber sole, Shaft measures approximately low-top from arch, Slip-on running shoes that hug your foot for fitted comfort, Regular fit; Slip-on construction, Textile upper for durability, Combined Cloudfoam midsole and outsole for step-in comfort and superior cushioning, Enjoy the comfort and performance of OrthoLite Float sockliner; Sock-like construction hugs the foot",These men's shoes transform a running-inspired style for the streets. A sock-like textile upper hugs the foot. Ultra-soft Cloudfoam cushioning in the one-piece midsole and outsole provides comfort that lasts all day.,5 x 5 x 0.7 inches,0.7,5.0,5.0,"June 27, 2018",6/27/2018,84,76,12,139.32,41.15,6,$41.15 - $139.32,adidas Men's Lite Racer Adapt Running Shoe,"Clothing, Shoes & Jewelry",4.5,1637,1243,4,2
B0858B1KZ4,489,"Men's Fashion Sneakers, Men's Shops",1474,"100% Leather, Imported, Rubber sole, Shaft measures approximately 3.2"" from arch, Coated leather upper, Classic rubber shell toe, Breathable mesh lining, Herringbone-pattern rubber cupsole",These sneakers bring back an adidas icon in stealth triple-black coated leather. The men's shoes have the famous rubber shell toe and herringbone-pattern outsole.,5 x 5 x 0.7 inches,0.7,5.0,5.0,"March 28, 2016",3/28/2016,79,80,10,175.0,14.28,5,$14.28 - $175.00,adidas Originals Men's Superstar Sneaker,"Clothing, Shoes & Jewelry",4.6,5003,3616,3,2
B081T8YK5Z,55,"Men's Road Running Shoes, Men's Shops",367,"NA, Imported, Rubber sole, THIS SHOE IS FOR: Neutral runners looking for a lightweight shoe and a smooth ride without sacrificing cushioning. Whether you’re a Ghost loyalist or are lacing one up for the first time, you’ll find plenty to like., SUPPORT AND CUSHION: The neutral support type provides high energizing cushioning. Ideal for road running, cross training, the gym or wherever you might want to take them! Predecessor: Ghost 11, BALANCED, SOFT CUSHIONING: BioMoGo DNA and DNA LOFT cushioning work together to provide a just-right softness underfoot without losing responsiveness and durability - yet it feels lighter than ever., SMOOTH, STABLE RIDE: No matter how your foot lands, our Segmented Crash Pad - an integrated system of shock absorbers - will cushion every step and stride for smooth heel-to-toe transitions., SOFT, SECURE, FIT: The newly engineered mesh and 3D Fit Print practically disappears on your foot with strategically placed stretch and structure.",,10 x 15 x 6 inches,6.0,10.0,15.0,"April 10, 2019",4/10/2019,89,86,9,241.0,104.39,2,$104.39 - $241.00,Brooks Mens Ghost 12 Running Shoe,"Clothing, Shoes & Jewelry",4.8,1464,271,2,2
B07Q249HFK,,Men's Road Running Shoes,385,"100% Synthetic, Imported, Rubber sole, Shaft measures approximately low-top from arch, NEUTRAL: For runners who need flexibility, cushioning & versatility, Lightweight, breathable mesh upper, External heel counter for additional support & structure, Enhanced cushioning around ankle collar for superior comfort, Full-length EVA sock liner for added comfort & a custom fit","NEUTRAL: For runners who need flexibility, cushioning & versatility. Lightweight, breathable mesh upper. External heel counter for additional support & structure. Enhanced cushioning around ankle collar for superior comfort. Full-length EVA sock liner for added comfort & a custom fit. Cushioned EVA midsole delivers a lightweight & responsive ride. Aggressive outsole traction pattern with slightly raised rubber knobs for added grip. Offset: 8mm",,,,,"March 22, 2019",3/22/2019,93,86,10,60.0,56.69,,$56.69 - $60.00,Under Armour Men's Surge 2 Running Shoe,"Clothing, Shoes & Jewelry",4.8,35,5807,4,
B07L99DMWJ,142,"Women's Shops, Women's Mules & Clogs",660,"100% Man Made, Imported, Rubber sole, Shaft measures approximately not_applicable from arch, WORK CLOGS FOR WOMEN: Neria is dependable and ready to make the rounds with protection and comfort every step of the way. These are the work Crocs women need for long days and nights., EASY TO CLEAN: Crocs Neria Pro II clogs are fully molded and easy to clean by just using soap and water and allowing for a quick dry., ROOMY FIT: These Crocs slip resistant shoes offer a generous, roomy fit with heels that meet workplace standards. The updated style includes removable, washable footbed liners., THICK CONSTRUCTION: These Crocs work shoes have thicker toe regions to protect feet from spills. These non-slip shoes for women are perfect as kitchen shoes, nursing shoes, chef shoes and work Crocs for any other demanding ""on-your-feet"" industry., CERTIFIED COMFORTABLE SHOES: Crocs that are fully ASTM F2913-11 tested, CE Certified. Meets or exceeds EN ISO 20347:2012, OB, SRC.","Who is neria? She’s dependable and ready to make the rounds with protection and comfort every step of the way. She also enjoys showing off a bit of her colorful personality with tasteful graphics. Designed for a relaxed fit, and this updated style includes removable, washable footbed liners. Perfect for workers in healthcare, restaurant, retail and any other demanding “on your feet” industry. Try neria on your next shift, or at home in your own kitchen, garden, or anywhere you like to clog.",,,,,"June 22, 2018",6/22/2018,62,56,17,59.36,32.99,10,$32.99 - $59.36,Crocs Women's Neria Pro Ii Clog | Slip-Resistant Work and Nursing Shoe,"Clothing, Shoes & Jewelry",4.0,2954,283,11,6
B07PVQKZQ3,3,"Men's Shoes, Men's Shops",385,"84% Polyester, 16% Elastane, Imported, Rubber sole, Shaft measures approximately low-top from arch, NEUTRAL: For runners who need flexibility, cushioning & versatility, Lightweight, engineered mesh upper is extremely flexible & breathable, with strategic support where you need, Foam padding placed around your ankle collar & under the tongue for an incredibly comfortable fit & feel, Comfort sockliner takes the shape of your foot with added padding in the heel for ultimate cushioning at heel-strike, Charged Cushioning midsole uses compression molded foam for even greater responsiveness & durability, providing optimal cushioning & energy return","NEUTRAL: For runners who need flexibility, cushioning & versatility. Lightweight, engineered mesh upper is extremely flexible & breathable, with strategic support where you need. Foam padding placed around your ankle collar & under the tongue for an incredibly comfortable fit & feel. Comfort sockliner takes the shape of your foot with added padding in the heel for ultimate cushioning at heel-strike. Charged Cushioning midsole uses compression molded foam for even greater responsiveness & durability, providing optimal cushioning & energy return. Tire inspired outsole pattern provides ultimate flex & superior traction. Offset: 8mm.",,,,,"March 22, 2019",3/22/2019,80,79,10,70.0,52.46,3,$52.46 - $70.00,Under Armour Men's Charged Pursuit 2 Running Shoe,"Clothing, Shoes & Jewelry",4.6,51,13647,3,4
B003M68UN8,186,"Men's Fashion Sneakers, Men's Shops",5303,"100% nubuck leather, Imported, Rubber sole, Padded tongue and collar","Enjoy classic, sporty styling and exceptional comfort in this casual sneaker from Skechers.",9 x 6 x 0.5 inches,0.5,9.0,6.0,"October 4, 2005",10/4/2005,87,73,16,130.91,26.65,4,$26.65 - $130.91,Skechers Sport Men's Stamina Nuovo Cutback Lace-Up Sneaker,"Clothing, Shoes & Jewelry",4.5,6260,1636,5,2
B085LVFG7C,17,"Men's Running Shoes, Men's Shops",81,"Imported, Synthetic sole, Shaft measures approximately low-top from arch, REVOLUTIONARY COMFORT: The Nike Revolution 5 men's running shoes cushion your stride with soft foam to keep you running in comfort. Minimalist design fits in just about anywhere your day takes you., BREATHABLE SUPPORT: These Nike men's shoes have lightweight knit textile that wraps your foot in breathable comfort. Reinforced heel and overlays lend support and durability., LIGHTWEIGHT CUSHIONING: Soft foam midsole delivers a smooth, stable ride, making these the running shoes men need. Textured outer wall reduces the weight of the shoe., DURABLE & FLEXIBLE TRACTION: These Nike shoes are made with rubber outsoles, offering durable traction on a variety of surfaces. Spacing in the tread lets your foot flex naturally., MEN'S RUNNING SHOES: Lightweight knit wraps foot, foam midsole, rubber outsole, plush lining, soft sockliner.","The Nike Revolution 5 cushions your stride with soft foam to keep you running in comfort. Lightweight knit material wraps your foot in breathable support, while a minimalist design fits in just about anywhere your day takes you.",5 x 5 x 0.7 inches,0.7,5.0,5.0,"January 21, 2020",1/21/2020,87,78,11,160.0,24.57,5,$24.57 - $160.00,Nike Men's Revolution 5 Running Shoe,"Clothing, Shoes & Jewelry",4.6,799,1051,4,2
B081KMSXZF,114,"Men's Fashion Sneakers, Men's Walking Shoes, Men's Shops",889,"100% Textile, Imported, Synthetic sole, Shaft measures approximately low-top from arch, Skechers go Walk max midsole and outsole for high level cushioning and support, 5Gen sole - proprietary lightweight injection-molded compound with memory retention helps absorb impact, Goga max technology insole for maximum support and cushioning, Combines a proprietary 'squish' Component with our exclusive material, Super Lightweight mesh fabric upper for ideal fit","Get the maximum comfort and cushioning for athletic walking with the Skechers go walk max. Mesh fabric upper with cushioned, supportive sole design. Designed with Skechers performance technology and materials specifically for athletic walking. Goga max technology insole with high-rebound cushioning. The company's success stems from it's high quality, diversified, and affordable product line that meets consumers' Various lifestyle needs. Since it's inception in 1992, the Skechers diverse product offering has grown from utility style boots to include seven Skechers brands and five uniquely branded fashion lines for men and women. Skechers is an award-winning global leader in lifestyle footwear offering shoes that appeal to trend-savvy men, women and kids everywhere. The brand's styles include the latest innovative athletic, casual and fashion sneakers as well as sandals and boots—with many collections featuring Skechers air-cooled memory foam insoles for added comfort. Plus, Skechers offers a range of slip-resistant work FOOTWEAR for men and women, as well as cool, fun, playful and lighted styles that boys and girls love. Always ahead of the fashion C, Skechers has made its sport, casual and dress casual shoes essential to every closet.",5 x 5 x 0.7 inches,0.7,5.0,5.0,"November 8, 2017",11/8/2017,74,74,14,84.88,19.83,4,$19.83 - $84.88,Skechers Men's Go Max-Athletic Air Mesh Slip on Walking Shoe Sneaker,"Clothing, Shoes & Jewelry",4.5,3315,856,5,3
B07568JYPN,97,"Men's Fashion Sneakers, Men's Shops",3061,"100% Textile and Synthetic, Imported, Synthetic sole, Shaft measures approximately not_applicable from arch, Air Cooled Memory Foam, Classic Fit, Air Cooled, Bungee Lace, Adjustable",Round toe mesh slip on w/bungee cord lace type,10 x 15 x 6 inches,6.0,10.0,15.0,"November 26, 2011",11/26/2011,82,77,14,140.34,37.5,3,$37.50 - $140.34,Skechers Men's Classic Fit-Delson-Camden Sneaker,"Clothing, Shoes & Jewelry",4.6,4235,621,4,2
B082QKPV3L,117,"Women's Shops, Women's Walking Shoes, Women's Fashion Sneakers",506,"100% Leather, Imported, Rubber sole, Shaft measures approximately low-top from arch, Platform measures approximately 0-3 inches, Boot opening measures approximately 0-3 inches around, Tennis-inspired shoes with classic style for everyday wear, Regular fit; Lace closure, Polyurethane-coated leather upper for durability, Rubber outsole for excellent traction; Textile lining",A '70s style reborn. These women's shoes take inspiration from iconic sport styles of the past and move them into the future. The shoes are made of a durable leather-like upper with signature 3-Stripes along the sides. Plush midsole cushioning gives comfort to every step.,5 x 5 x 0.7 inches,0.7,5.0,5.0,"November 26, 2018",11/26/2018,81,83,10,148.2,20.48,3,$20.48 - $148.20,adidas Women's Grand Court Sneaker,"Clothing, Shoes & Jewelry",4.7,3349,636,3,1
B0861YSCW8,60,"Men's Fashion Sneakers, Men's Road Running Shoes, Men's Shops",402,"100% Other fibers, Imported, Synthetic sole, Shaft measures approximately 6-12 inches from arch, Platform measures approximately 0-3 inches, Boot opening measures approximately 0-3 inches around, Regular fit, Lace closure, Mesh upper, Soft, lightweight, breathable feel","Run with it. Step into these adidas U_Path Run Shoes and take your style game to the finish line. With a sleek feel and futuristic look, the mesh upper has a bungee heel overlay that delivers stretchy support. Move in comfort all day with the EVA midsole.",5 x 5 x 0.7 inches,0.7,5.0,5.0,"March 5, 2019",3/5/2019,82,77,11,162.41,32.82,5,$32.82 - $162.41,adidas Originals Men's U_Path Run Sneaker,"Clothing, Shoes & Jewelry",4.5,1263,2025,5,2
B01J0AT2EK,76,"Men's Fashion Sneakers, Men's Shops",1666,"100% Textile and Synthetic, Imported, Rubber sole, Shaft measures approximately low-top from arch, Run-Train Performance Sneaker, Tazon",Blank),,,,,"September 21, 2015",9/21/2015,82,72,15,126.0,35.83,4,$35.83 - $126.00,PUMA Men's Tazon 6 Fracture FM Cross-Trainer Shoe,"Clothing, Shoes & Jewelry",4.5,3738,538,6,3
B00DJSRER2,434,"Men's Fashion Sneakers, Men's Shops",2314,"100% Leather/Synthetic, Imported, Rubber sole, Heel measures approximately 2"", Lace-up sneaker featuring mesh upper with supportive overlays and padded collar, Cushioned mesh tongue, Memory Foam Insole","Smooth leather, synthetic and mesh fabric upper in a sporty training sneaker with perforated details, stitching and overlay accents. Padded collar and tongue, fabric lining, Memory Foam insole, Articu-Lyte rubber sole and a flexible, high-traction rubber sole. 1 ½ "" built-in heel. Imported.Skechers is an award-winning global leader in the lifestyle footwear industry that designs, develops, and markets lifestyle footwear that appeals to trend-savvy men, women and children. The company's success stems from it's high quality, diversified, and affordable product line that meets consumers' various lifestyle needs. Since it's inception in 1992, the Skechers diverse product offering has grown from utility style boots to include seven Skechers brands and five uniquely branded fashion lines for men and women.",15 x 10 x 5 inches,5.0,15.0,10.0,"December 13, 2013",12/13/2013,86,70,15,125.66,35.33,5,$35.33 - $125.66,Skechers Men's Afterburn Memory-Foam Lace-up Sneaker,"Clothing, Shoes & Jewelry",4.4,13228,110,6,3
B083VJC23R,192,"Women's Shops, Women's Cross Training Shoes",2005,"Synthetic, Imported, Rubber sole, Shaft measures approximately low-top"" from arch, NB Comfort Insert: Memory Sole, REVlite Midsole","Enhance your athleisure look with this easy on, easy off women's sneaker. The slip-on silhouette offers versatile style characterized by a clean-lined, modern upper with additional lace-up support you can pair with denim, dresses, and more. Plus, New Balance signature REVlite cushioning in the midsole offers ultra-lightweight, responsive cushioning.",10 x 15 x 6 inches,6.0,10.0,15.0,"October 17, 2014",10/17/2014,72,71,12,138.21,16.68,6,$16.68 - $138.21,New Balance Women's FuelCore Nergize V1 Cross Trainer,"Clothing, Shoes & Jewelry",4.4,5465,275,7,4
B086XXLJ86,11,Baby Boys' Sneakers,243,"100% Synthetic, Imported, Rubber sole, Shaft measures approximately 0-6"" from arch, Platform measures approximately .5 inches, Adidas quality, Imported By Adidas","The court looks of the '70s let little ones make a fashion play. Inspired by tennis classics, these toddlers' shoes build in modern comfort with lightweight cushioning. The strap closure on the leather-like upper makes them easy to slide on and off.",,,,,"August 14, 2019",8/14/2019,81,81,9,94.15,25.3,4,$25.30 - $94.15,adidas Kids' Grand Court Sneaker,"Clothing, Shoes & Jewelry",4.6,181,827,4,1
B0012G6KX2,496,"Women's Shops, Women's Fashion Sneakers",5303,"Leather and Synthetic, Imported, Rubber sole, Platform measures approximately 1 inches inches, Lightweight ; 1 1/4 inch built in heel., Flexible sole",Skechers Memory Foam,5 x 5 x 0.7 inches,0.7,5.0,5.0,"October 4, 2005",10/4/2005,77,74,11,123.57,35.95,5,$35.95 - $123.57,Skechers Women's D'Lites Memory Foam Lace-up Sneaker,"Clothing, Shoes & Jewelry",4.4,16637,234,6,3
B0719MHX9L,328,"Men's Trail Running Shoes, Men's Shops",3800,"Synthetic, Imported, Rubber sole, Shaft measures approximately low-top from arch, Rearfoot GEL Cushioning System: Attenuates shock during impact phase and allows for a smooth transition to midstance., Removable Sockliner: A sockliner which can be removed to accommodate a medical orthotic., Removable Sockliner: A sockliner which can be removed to accommodate a medical orthotic., Trail Specific Outsole: Reversed lugs provide uphill and downhill traction on all types of terrain., AHAR Outsole: Acronym for ASICS High Abrasion Rubber. Placed in critical areas of the outsole for exceptional durability.",,10 x 15 x 6 inches,6.0,10.0,15.0,"November 17, 2009",11/17/2009,89,75,15,145.56,27.91,3,$27.91 - $145.56,ASICS Men's Gel-Venture 6 Running Shoe,"Clothing, Shoes & Jewelry",4.6,8974,240,5,2
B07GLHFS76,208,"Men's Cross-Training Shoes, Men's Shops",2005,"100% Leather, Imported, Rubber sole, Shaft measures approximately low-top from arch, Cross training shoe with suede upper featuring injection molded EVA midsole and non marking outsole, Abzorb heel","For the sportsman consumer seeking all day comfort in a durable athletic silhouette, the 623v3 builds upon the predecessors features of breathability, versatility and durability, but increases the all-day comfort through a larger absorb heel capsule, reinforced collar foam and an eva footbed.",5 x 5 x 0.7 inches,0.7,5.0,5.0,"October 17, 2014",10/17/2014,88,71,14,152.91,28.4,6,$28.40 - $152.91,New Balance Men's 623 V3 Casual Comfort Training Shoe,"Clothing, Shoes & Jewelry",4.4,5749,268,5,3
B082JRY6M9,142,"Women's Shops, Women's Fashion Sneakers",1850,"100% Textile, Imported, Rubber sole, Shaft measures approximately 0-6 inches from arch, Platform measures approximately 0-3 inches, Boot opening measures approximately 6-12 inches around, Women's specific fit, Cloudfoam memory sockliner and textile lining, Easy, everyday runners. Lace closure, Hugs the foot",Explore your surroundings. These adidas running-inspired shoes feature a foot-hugging knit upper and a female-friendly fit. Soft midsole cushioning adds comfort as you head out for coffee or discover a busy side street.,5 x 5 x 0.7 inches,0.7,5.0,5.0,"March 17, 2015",3/17/2015,81,82,10,140.34,44.99,3,$44.99 - $140.34,adidas Women's Cloudfoam Pure Running Shoe,"Clothing, Shoes & Jewelry",4.7,7280,115,4,2
B06Y4BXPWS,69,"Women's Shops, Women's Sports Bras",3155,,"Women’s Nike Swoosh Sports Bra utilizes a compression fit, providing medium support for a variety of training activities. Sports bra straps create stabilizing tension, helping to minimize bounce during multidirectional movement.",6 x 12 x 0.2 inches,0.2,6.0,12.0,"August 22, 2011",8/22/2011,Fit not available,75,9,,39.99,5,$39.99,Women's Nike Swoosh Sports Bra,"Clothing, Shoes & Jewelry",4.5,851,5693,8,4
B07D9MF2BS,119,"Men's Skateboarding Shoes, Men's Fashion Sneakers, Men's Shops",1971,"100% Synthetics | Textile, Imported, Rubber sole, Shaft measures approximately low-top from arch, Sneakers for skate sessions or casual style, Regular fit; Lace closure, Synthetic suede upper for a plush look, Soft textile lining for comfort, Rubber outsole provides secure traction","Designed so they're ready to ride with no wear-in time, these men's shoes draw on adidas heritage and reimagine it specifically for skateboarding. An abrasion-resistant synthetic suede upper holds up to daily park sessions while a textile lining keeps your feet comfortable on or off the board. Classic 3-Stripes and a linear Trefoil logo give these men's shoes low-key adidas style.",5 x 5 x 0.7 inches,0.7,5.0,5.0,"November 21, 2014",11/21/2014,82,76,12,74.95,12.68,4,$12.68 - $74.95,adidas Originals Men's Seeley Running Shoe,"Clothing, Shoes & Jewelry",4.5,3372,955,6,3
B003ZYDLKY,,"Women's Ankle Boots & Booties, Men's Shoes, Surf, Skate & Street Fashion Sneakers",3461,"100% Cotton canvas, Made in the USA or Imported, Rubber sole, Shaft measures approximately 5.5"" from arch, Heel measures approximately 1"", Platform measures approximately 0.5"", BOTTOM: A single-unit molded rubber outsole, SOCKLINER: The EVA-cushioned foot bed and hugging heel cup cradle the foot for lasting support, BRANDING: Woven label on tongue; side label on quarter; rubber, MATERIALS: 14 oz. canvas for upper; 6 oz. canvas for lining, COTTON STYLE: High-top shoe has cotton canvas for the upper and lining",Adopt a stylish look with our Pampa Hi boot. This sneaker-inspired men's high-top shoe has cotton canvas for the upper and lining.,,,,,"October 21, 2010",10/21/2010,83,77,8,,74.95,4,$74.95,Palladium Boots Men's Pampa Hi Originale Canvas Boots,"Clothing, Shoes & Jewelry",4.5,51,57271,6,4
B082JRY6M9,142,"Women's Shops, Women's Fashion Sneakers",1850,"100% Textile, Imported, Rubber sole, Shaft measures approximately 0-6 inches from arch, Platform measures approximately 0-3 inches, Boot opening measures approximately 6-12 inches around, Women's specific fit, Cloudfoam memory sockliner and textile lining, Easy, everyday runners, Hugs the foot. Lace closure",These women's running-inspired shoes cradle your feet with a stretchy neoprene-like upper and a Cloudfoam sockliner for a comfortable step-in feel. Plush cushioning at the midsole and outsole makes every step a dream.,5 x 5 x 0.7 inches,0.7,5.0,5.0,"March 17, 2015",3/17/2015,81,82,10,,45.0,3,$45.00,adidas Women's Cloudfoam Pure Running Shoe,"Clothing, Shoes & Jewelry",4.7,7280,115,4,2
B07PX3Y7CF,41,"Men's Trail Running Shoes, Men's Shops",381,"Fabric,Manmade, Imported, Rubber sole, Ortholite X-40 Sockliner - This premium sockliner features higher rebound properties while providing excellent moisture management and a high-level of breathability (Ortholite is a registered trademark of ATP Manufacturing LLC.)",,10 x 15 x 6 inches,6.0,10.0,15.0,"March 26, 2019",3/26/2019,84,72,16,145.9,39.99,4,$39.99 - $145.90,ASICS Men's Gel-Venture 7 Trail Running Shoes,"Clothing, Shoes & Jewelry",4.5,1816,364,5,2
B0719MHX9L,328,"Men's Trail Running Shoes, Men's Shops",3800,"Synthetic, Imported, Rubber sole, Shaft measures approximately low-top from arch, Rearfoot GEL Cushioning System: Attenuates shock during impact phase and allows for a smooth transition to midstance., Removable Sockliner: A sockliner which can be removed to accommodate a medical orthotic., Removable Sockliner: A sockliner which can be removed to accommodate a medical orthotic., Trail Specific Outsole: Reversed lugs provide uphill and downhill traction on all types of terrain., AHAR Outsole: Acronym for ASICS High Abrasion Rubber. Placed in critical areas of the outsole for exceptional durability.",,10 x 15 x 6 inches,6.0,10.0,15.0,"November 17, 2009",11/17/2009,89,75,15,,54.95,3,$54.95,ASICS Men's Gel-Venture 6 Running Shoe,"Clothing, Shoes & Jewelry",4.6,8974,240,5,2
B078WHHZ53,178,"Women's Shops, Women's Walking Shoes",888,"Textile, Imported, Synthetic sole, Shaft measures approximately low-top from arch, Lightweight and flexible, Responsive 5Gen cushioning, Skechers Goga Max high rebound insole, Breathable mesh upper, Soft fabric lining and padded collar, Parametric cushioned 5Gen midsole for added comfort",Athletic air mesh slip on,10 x 15 x 6 inches,6.0,10.0,15.0,"November 9, 2017",11/9/2017,72,75,12,138.28,29.7,4,$29.70 - $138.28,Skechers Women's Go Walk Joy Walking Shoe,"Clothing, Shoes & Jewelry",4.5,5854,123,6,3
